id_pedido;id_cliente;data_pedido
1;71;2026-01-27
2;397;2025-05-17
3;329;2025-05-27
4;36;2026-06-28
5;289;2025-01-09
6;313;2025-06-18
7;226;2025-12-26
8;370;2025-08-07
9;322;2025-06-05
10;471;2026-02-26
11;316;2026-03-30
12;441;2025-08-11
13;45;2025-04-13
14;72;2025-05-07
15;302;2026-01-29
16;180;2026-03-16
17;162;2025-05-24
18;127;2025-10-11
19;331;2025-03-28
20;128;2025-10-19
21;399;2025-01-28
22;435;2025-11-05
23;106;2026-06-15
24;311;2026-06-06
25;97;2026-02-06
26;152;2025-02-25
27;402;2025-09-03
28;254;2026-01-31
29;58;2025-09-04
30;256;2025-03-14
31;271;2025-01-13
32;185;2025-11-21
33;68;2026-02-01
34;441;2026-03-07
35;188;2025-06-26
36;391;2026-04-28
37;489;2025-03-16
38;9;2025-03-11
39;8;2025-09-26
40;111;2025-02-10
41;473;2025-03-03
42;486;2026-02-12
43;260;2025-10-21
44;322;2026-05-29
45;393;2026-03-02
46;217;2026-02-16
47;43;2025-06-06
48;143;2025-03-27
49;159;2025-03-22
50;262;2025-07-28
51;499;2025-06-09
52;275;2025-12-01
53;201;2025-03-09
54;159;2026-03-24
55;374;2025-09-02
56;30;2025-09-08
57;45;2026-03-21
58;60;2026-04-10
59;314;2025-02-26
60;159;2025-06-29
61;62;2025-01-13
62;363;2025-05-21
63;360;2025-01-12
64;84;2026-05-24
65;488;2025-12-22
66;268;2026-06-14
67;401;2025-09-23
68;86;2026-01-16
69;65;2025-10-03
70;376;2025-05-01
71;395;2025-01-31
72;172;2026-03-16
73;140;2026-06-21
74;33;2025-09-27
75;365;2025-03-20
76;255;2026-04-12
77;262;2026-01-04
78;29;2026-05-27
79;440;2025-06-20
80;189;2025-06-11
81;131;2025-04-16
82;458;2025-04-29
83;117;2026-06-06
84;2;2025-02-15
85;440;2025-01-13
86;126;2025-02-17
87;242;2026-01-08
88;197;2025-06-03
89;92;2025-02-06
90;284;2026-03-06
91;115;2025-11-26
92;128;2026-03-03
93;469;2025-11-24
94;139;2025-03-21
95;293;2026-01-17
96;62;2026-05-30
97;345;2025-02-23
98;92;2025-08-17
99;412;2026-06-13
100;24;2026-02-15
101;36;2026-04-22
102;444;2025-10-17
103;397;2025-11-15
104;168;2025-03-30
105;284;2026-04-13
106;5;2026-01-13
107;103;2025-10-26
108;289;2025-11-08
109;379;2025-09-06
110;238;2026-01-13
111;303;2026-05-21
112;396;2025-07-20
113;376;2025-09-09
114;78;2025-01-07
115;478;2026-02-24
116;13;2025-08-27
117;278;2025-12-21
118;326;2025-01-10
119;487;2025-12-10
120;1;2026-01-21
121;435;2025-11-11
122;54;2025-07-30
123;272;2025-09-01
124;215;2026-05-19
125;493;2025-03-03
126;498;2025-05-26
127;365;2025-10-14
128;48;2025-02-14
129;472;2025-08-26
130;460;2026-06-17
131;212;2026-01-17
132;235;2025-03-28
133;298;2025-04-08
134;259;2025-05-17
135;327;2026-02-08
136;39;2025-03-05
137;223;2025-05-14
138;122;2025-10-26
139;134;2025-11-19
140;475;2026-02-07
141;359;2025-12-01
142;163;2026-04-09
143;140;2025-08-28
144;39;2025-07-27
145;70;2025-04-22
146;80;2025-04-19
147;85;2026-04-06
148;239;2025-11-18
149;209;2025-05-04
150;275;2026-01-02
151;494;2025-08-01
152;232;2025-11-12
153;238;2025-09-29
154;437;2025-05-03
155;47;2025-06-11
156;414;2025-11-08
157;424;2025-02-11
158;111;2025-12-02
159;76;2025-04-04
160;365;2025-09-12
161;496;2025-12-31
162;203;2026-06-10
163;26;2025-11-03
164;134;2025-06-28
165;16;2026-02-19
166;438;2026-04-09
167;285;2025-09-13
168;49;2026-04-19
169;53;2025-05-24
170;63;2025-01-13
171;32;2025-08-16
172;67;2025-07-22
173;422;2026-02-15
174;191;2025-03-28
175;299;2025-09-23
176;470;2025-03-18
177;12;2025-03-08
178;102;2026-03-31
179;415;2025-05-12
180;48;2025-12-06
181;63;2025-02-13
182;483;2026-04-18
183;26;2025-06-22
184;474;2026-03-20
185;421;2026-02-09
186;255;2025-01-31
187;196;2026-03-13
188;89;2025-12-29
189;110;2025-07-11
190;141;2025-10-14
191;229;2025-06-02
192;18;2025-09-09
193;332;2025-10-30
194;256;2026-02-26
195;452;2026-05-06
196;32;2025-03-31
197;144;2026-01-28
198;71;2026-03-06
199;103;2026-06-23
200;128;2025-01-20
201;196;2026-01-03
202;246;2026-05-12
203;177;2026-05-30
204;165;2026-02-02
205;139;2025-07-04
206;14;2025-11-23
207;306;2025-08-13
208;16;2025-10-15
209;30;2026-04-29
210;272;2026-01-02
211;393;2025-08-27
212;499;2025-06-13
213;52;2025-09-11
214;337;2025-09-04
215;137;2025-02-27
216;392;2025-08-13
217;295;2026-02-02
218;182;2025-06-27
219;91;2025-08-31
220;304;2025-11-22
221;413;2026-01-03
222;468;2025-01-29
223;361;2025-12-27
224;486;2025-05-26
225;289;2025-07-12
226;429;2026-05-20
227;278;2025-11-13
228;90;2026-05-18
229;20;2025-04-03
230;29;2025-08-27
231;309;2025-08-13
232;11;2026-06-24
233;245;2025-01-01
234;170;2025-07-26
235;413;2025-05-14
236;175;2025-07-01
237;471;2025-11-28
238;31;2025-01-23
239;76;2025-05-26
240;397;2025-04-24
241;434;2026-06-23
242;441;2026-01-09
243;492;2025-03-16
244;192;2026-02-10
245;301;2025-04-14
246;173;2025-11-06
247;166;2025-05-20
248;500;2025-06-11
249;375;2026-03-24
250;406;2026-05-14
251;333;2025-11-21
252;90;2026-01-01
253;115;2025-06-29
254;194;2025-11-11
255;376;2025-10-29
256;66;2025-07-01
257;374;2025-01-02
258;486;2026-02-05
259;436;2025-02-03
260;94;2025-11-22
261;472;2025-08-15
262;328;2025-04-17
263;480;2026-05-24
264;73;2025-12-06
265;382;2025-03-21
266;122;2025-12-22
267;164;2025-06-21
268;326;2025-04-01
269;421;2025-12-10
270;229;2025-01-12
271;136;2025-08-03
272;128;2025-03-11
273;180;2025-09-20
274;403;2025-04-21
275;369;2025-01-02
276;25;2026-01-31
277;225;2026-03-06
278;497;2025-06-20
279;453;2026-02-28
280;253;2026-01-23
281;180;2026-01-20
282;52;2026-05-06
283;404;2025-08-19
284;84;2026-04-08
285;38;2025-02-04
286;151;2025-01-21
287;164;2025-09-25
288;488;2025-04-18
289;38;2025-12-17
290;88;2026-01-20
291;83;2025-03-18
292;281;2025-04-06
293;174;2026-05-10
294;361;2025-02-01
295;221;2025-06-18
296;311;2026-03-21
297;81;2025-02-24
298;52;2025-12-06
299;106;2025-07-14
300;210;2025-09-29
301;339;2025-10-16
302;153;2025-09-01
303;50;2025-02-20
304;202;2026-05-18
305;79;2025-02-25
306;185;2025-01-04
307;219;2025-03-31
308;151;2026-05-07
309;103;2025-04-10
310;14;2025-07-31
311;88;2025-10-26
312;42;2026-04-30
313;433;2025-04-29
314;158;2026-02-12
315;242;2026-05-16
316;459;2025-09-29
317;47;2026-02-01
318;95;2026-01-15
319;454;2026-01-26
320;190;2025-07-11
321;229;2025-02-15
322;135;2026-03-27
323;239;2025-09-27
324;116;2025-10-03
325;289;2025-03-05
326;78;2025-04-10
327;44;2025-12-19
328;414;2026-02-28
329;498;2025-08-21
330;284;2025-03-04
331;431;2026-02-01
332;420;2026-06-20
333;215;2026-05-02
334;294;2025-08-30
335;244;2025-11-03
336;41;2026-02-09
337;463;2025-02-05
338;258;2026-06-14
339;410;2025-05-31
340;62;2026-04-05
341;89;2025-06-21
342;498;2025-08-05
343;414;2025-07-17
344;65;2025-02-13
345;217;2025-03-22
346;350;2026-03-22
347;104;2025-06-01
348;428;2025-09-22
349;164;2025-03-10
350;45;2026-02-02
351;285;2026-02-11
352;283;2025-11-30
353;439;2025-10-10
354;267;2026-04-15
355;470;2025-01-13
356;403;2026-06-20
357;401;2026-03-06
358;58;2026-03-01
359;77;2025-06-01
360;291;2025-04-13
361;474;2025-04-19
362;289;2025-04-14
363;403;2025-10-20
364;445;2025-12-19
365;450;2026-02-25
366;136;2026-01-28
367;336;2026-05-13
368;293;2026-04-30
369;20;2025-06-26
370;142;2026-02-17
371;74;2026-02-16
372;20;2026-02-10
373;456;2025-12-06
374;354;2025-09-01
375;26;2026-05-02
376;472;2025-10-03
377;460;2026-01-17
378;11;2025-12-12
379;419;2025-11-07
380;160;2025-10-15
381;432;2026-05-19
382;440;2025-04-11
383;498;2025-08-22
384;69;2025-11-04
385;499;2026-03-30
386;397;2025-11-25
387;138;2026-03-03
388;310;2025-04-02
389;97;2026-03-29
390;109;2026-02-21
391;380;2026-05-12
392;389;2026-06-13
393;445;2026-01-18
394;421;2025-02-27
395;264;2025-06-12
396;34;2025-11-15
397;364;2026-06-03
398;207;2025-05-19
399;400;2026-06-21
400;451;2025-01-30
401;89;2025-07-17
402;449;2025-07-25
403;429;2025-03-01
404;128;2025-02-03
405;234;2025-02-21
406;471;2026-01-05
407;361;2025-07-23
408;141;2026-01-13
409;422;2026-04-21
410;259;2026-02-11
411;326;2025-05-07
412;349;2025-02-01
413;124;2026-01-17
414;251;2026-04-02
415;91;2026-05-01
416;301;2025-12-25
417;177;2025-06-17
418;429;2025-09-22
419;384;2025-04-03
420;146;2025-01-29
421;198;2025-02-20
422;84;2025-08-08
423;439;2025-08-15
424;332;2025-08-19
425;347;2025-07-31
426;138;2026-02-24
427;263;2025-01-21
428;443;2025-01-10
429;243;2025-05-16
430;332;2025-06-27
431;308;2025-01-09
432;115;2025-09-16
433;312;2025-11-09
434;365;2025-10-09
435;217;2026-01-21
436;437;2025-12-24
437;236;2025-09-16
438;112;2026-04-23
439;155;2026-06-18
440;423;2026-02-11
441;300;2025-04-15
442;4;2026-06-08
443;340;2026-01-19
444;288;2025-10-17
445;153;2025-04-21
446;247;2025-03-07
447;173;2025-10-11
448;328;2025-11-29
449;442;2025-10-11
450;134;2025-11-02
451;97;2025-06-03
452;265;2025-09-04
453;461;2025-02-28
454;413;2026-02-18
455;339;2025-11-24
456;349;2025-05-24
457;370;2025-01-27
458;336;2026-05-25
459;152;2025-09-23
460;465;2026-03-05
461;208;2026-02-02
462;378;2025-02-06
463;299;2025-07-14
464;176;2025-08-16
465;352;2026-05-03
466;465;2026-01-03
467;260;2025-11-04
468;433;2025-06-24
469;431;2025-07-05
470;151;2025-04-10
471;242;2025-05-12
472;380;2025-09-22
473;372;2025-07-07
474;485;2025-12-10
475;336;2025-04-02
476;114;2025-12-30
477;115;2025-11-11
478;216;2025-12-06
479;191;2025-09-24
480;300;2025-10-29
481;238;2025-05-01
482;241;2025-02-24
483;444;2025-03-14
484;242;2025-07-19
485;257;2025-05-03
486;445;2026-01-26
487;272;2025-11-02
488;212;2025-02-25
489;446;2025-06-04
490;71;2025-07-25
491;176;2026-02-24
492;292;2026-04-14
493;74;2025-11-20
494;442;2025-07-04
495;399;2025-03-24
496;250;2025-12-07
497;324;2025-07-01
498;161;2025-03-01
499;3;2026-04-08
500;141;2025-08-03
501;390;2025-06-22
502;296;2025-06-12
503;251;2025-04-01
504;67;2026-03-21
505;325;2026-03-16
506;207;2026-03-16
507;495;2026-05-04
508;197;2025-01-05
509;20;2025-07-24
510;375;2026-01-18
511;487;2025-01-15
512;457;2025-11-26
513;388;2026-06-28
514;98;2025-01-19
515;347;2025-01-05
516;321;2025-09-12
517;116;2025-12-19
518;160;2025-05-13
519;53;2026-01-28
520;258;2025-11-10
521;86;2025-03-08
522;422;2025-02-16
523;153;2025-10-25
524;234;2026-06-17
525;306;2026-06-21
526;173;2026-03-21
527;455;2025-05-18
528;176;2026-05-17
529;184;2025-07-12
530;85;2026-02-18
531;10;2025-08-22
532;115;2025-05-15
533;109;2025-01-23
534;302;2026-06-01
535;87;2025-05-07
536;188;2025-02-08
537;193;2025-09-19
538;395;2025-02-19
539;305;2025-02-19
540;339;2025-04-21
541;335;2025-01-21
542;25;2025-04-29
543;214;2026-03-31
544;195;2025-05-07
545;281;2025-09-16
546;243;2025-06-06
547;106;2025-01-10
548;155;2026-03-07
549;339;2025-04-14
550;340;2026-06-17
551;139;2025-05-21
552;215;2025-04-18
553;262;2025-05-01
554;145;2025-04-27
555;402;2025-04-19
556;255;2025-07-23
557;312;2025-07-24
558;399;2025-09-27
559;426;2026-06-20
560;499;2025-07-26
561;184;2026-02-24
562;152;2025-06-14
563;21;2026-05-24
564;467;2025-08-01
565;353;2026-05-08
566;170;2025-08-29
567;2;2025-01-14
568;344;2025-04-02
569;465;2025-04-24
570;428;2026-05-21
571;77;2025-04-03
572;400;2026-06-08
573;39;2025-04-14
574;464;2025-09-20
575;330;2025-08-25
576;234;2025-10-31
577;136;2026-04-21
578;26;2025-04-13
579;417;2025-06-28
580;448;2025-02-10
581;437;2025-10-25
582;185;2025-11-17
583;219;2025-04-29
584;49;2025-02-16
585;5;2025-05-22
586;340;2025-06-24
587;169;2026-01-02
588;458;2026-03-25
589;490;2025-10-02
590;450;2025-04-06
591;191;2025-12-17
592;94;2025-04-27
593;206;2026-02-14
594;493;2026-04-13
595;140;2026-01-30
596;354;2026-05-05
597;410;2026-03-08
598;333;2025-06-20
599;58;2025-05-16
600;357;2025-03-02
601;483;2025-06-13
602;54;2026-03-03
603;467;2026-05-10
604;411;2026-03-25
605;93;2026-01-24
606;399;2026-01-03
607;314;2025-01-30
608;442;2025-05-14
609;248;2026-05-15
610;58;2026-02-26
611;226;2025-02-17
612;33;2025-09-25
613;336;2025-11-18
614;7;2026-06-22
615;393;2025-08-18
616;490;2025-12-13
617;266;2026-06-20
618;353;2025-04-08
619;222;2025-09-12
620;247;2025-12-21
621;340;2026-01-30
622;77;2025-02-25
623;6;2025-06-10
624;259;2026-04-26
625;437;2026-05-23
626;446;2025-06-19
627;39;2026-05-19
628;165;2025-09-04
629;170;2025-10-12
630;26;2026-06-04
631;115;2026-01-23
632;207;2025-08-29
633;41;2026-04-16
634;228;2026-04-04
635;46;2026-05-26
636;229;2025-11-20
637;61;2026-05-25
638;382;2025-01-19
639;53;2026-02-18
640;212;2025-02-06
641;286;2025-01-01
642;423;2025-04-04
643;406;2025-11-08
644;456;2026-06-05
645;288;2025-07-31
646;336;2026-04-13
647;487;2025-12-16
648;187;2025-02-25
649;419;2025-08-17
650;433;2026-04-11
651;170;2026-04-30
652;367;2026-01-08
653;367;2026-04-09
654;59;2025-04-10
655;389;2025-08-16
656;2;2025-12-16
657;182;2025-10-26
658;281;2026-06-19
659;192;2025-04-19
660;24;2025-06-18
661;253;2025-05-24
662;421;2026-02-24
663;55;2025-09-18
664;313;2025-07-20
665;97;2025-05-04
666;477;2026-02-07
667;111;2026-04-14
668;423;2025-07-15
669;367;2025-12-13
670;56;2026-03-01
671;24;2025-05-07
672;396;2026-04-07
673;235;2026-06-01
674;69;2026-05-26
675;3;2026-06-28
676;377;2025-02-19
677;284;2026-03-20
678;430;2026-05-10
679;474;2026-06-05
680;400;2025-07-01
681;355;2025-06-27
682;375;2025-05-12
683;54;2026-02-01
684;337;2025-11-26
685;259;2026-01-29
686;215;2025-09-12
687;141;2026-02-12
688;494;2025-12-18
689;497;2025-10-29
690;232;2025-05-17
691;71;2026-02-27
692;309;2026-06-09
693;154;2025-11-18
694;365;2025-08-11
695;103;2025-08-03
696;320;2025-10-25
697;352;2025-12-20
698;472;2025-05-16
699;364;2025-07-02
700;258;2025-11-27
701;364;2025-04-29
702;390;2025-12-27
703;288;2026-05-07
704;299;2026-03-04
705;346;2025-10-20
706;450;2026-03-09
707;414;2025-01-14
708;268;2025-04-20
709;13;2026-01-26
710;75;2025-02-24
711;344;2025-02-27
712;103;2025-10-01
713;385;2025-06-14
714;147;2025-09-14
715;75;2025-03-05
716;354;2025-10-30
717;105;2025-02-03
718;184;2026-04-09
719;53;2025-08-18
720;381;2026-02-03
721;122;2026-06-08
722;402;2025-10-22
723;355;2025-02-18
724;475;2026-01-26
725;199;2026-03-03
726;490;2025-11-17
727;495;2025-02-25
728;7;2025-09-15
729;104;2026-03-30
730;425;2025-08-19
731;467;2026-01-12
732;387;2025-07-21
733;398;2025-07-18
734;151;2026-04-05
735;91;2025-03-18
736;96;2025-06-27
737;377;2026-06-11
738;62;2026-01-22
739;21;2026-03-15
740;143;2025-09-28
741;67;2025-06-14
742;300;2025-09-19
743;3;2025-12-05
744;239;2025-06-08
745;21;2025-06-07
746;476;2025-11-27
747;306;2025-02-22
748;397;2025-11-05
749;252;2026-01-02
750;38;2025-11-22
751;270;2025-08-14
752;490;2025-07-08
753;267;2025-03-11
754;403;2026-06-02
755;82;2026-03-02
756;279;2026-02-18
757;48;2025-12-24
758;114;2025-08-07
759;340;2025-12-06
760;170;2026-01-05
761;151;2025-08-12
762;487;2026-06-28
763;244;2025-01-10
764;59;2025-12-21
765;229;2025-09-04
766;464;2025-09-07
767;491;2025-02-10
768;350;2025-11-25
769;196;2025-04-27
770;198;2025-09-20
771;277;2025-10-17
772;13;2026-06-14
773;421;2026-01-19
774;264;2026-06-05
775;229;2026-05-14
776;23;2025-10-31
777;460;2025-07-17
778;165;2026-06-11
779;43;2025-04-09
780;86;2025-01-08
781;321;2025-03-09
782;108;2025-08-07
783;443;2026-03-11
784;428;2025-04-17
785;106;2026-03-22
786;332;2025-03-15
787;383;2025-06-07
788;13;2026-04-16
789;368;2025-12-06
790;20;2025-03-31
791;38;2025-02-25
792;92;2025-09-15
793;286;2025-03-14
794;295;2025-08-22
795;467;2025-09-22
796;209;2026-02-02
797;231;2026-02-19
798;222;2025-11-20
799;9;2026-02-03
800;345;2025-05-02
801;274;2025-01-07
802;329;2025-03-06
803;388;2025-02-16
804;359;2025-03-16
805;184;2026-05-30
806;55;2025-10-24
807;403;2025-11-05
808;311;2025-03-30
809;145;2026-03-25
810;196;2026-02-09
811;421;2025-02-01
812;243;2025-06-10
813;274;2025-08-14
814;70;2026-02-05
815;408;2025-10-30
816;492;2025-05-28
817;153;2026-01-18
818;491;2025-01-12
819;284;2025-05-25
820;64;2025-02-12
821;3;2026-02-08
822;276;2025-03-29
823;157;2025-08-04
824;384;2025-12-19
825;109;2026-02-27
826;464;2026-06-09
827;73;2025-06-14
828;95;2025-08-15
829;316;2025-09-16
830;100;2025-04-28
831;93;2025-02-25
832;436;2026-04-18
833;331;2025-03-16
834;149;2025-03-10
835;129;2025-04-11
836;102;2026-05-14
837;488;2025-12-05
838;183;2025-05-12
839;344;2025-08-29
840;52;2025-10-19
841;318;2025-03-13
842;461;2025-07-18
843;163;2026-05-13
844;231;2025-12-03
845;316;2025-11-10
846;356;2025-06-06
847;290;2026-01-09
848;414;2025-11-20
849;491;2026-03-15
850;87;2025-01-05
851;161;2025-09-10
852;403;2025-08-15
853;365;2026-03-23
854;142;2026-01-04
855;69;2025-12-06
856;450;2026-05-07
857;237;2026-04-02
858;184;2025-11-09
859;250;2025-04-22
860;90;2025-03-25
861;431;2025-10-15
862;440;2025-05-24
863;457;2025-07-21
864;135;2025-03-20
865;373;2025-03-19
866;457;2025-01-20
867;435;2026-06-04
868;324;2025-02-01
869;417;2026-02-19
870;394;2025-08-06
871;465;2025-02-07
872;283;2025-09-24
873;279;2026-04-29
874;335;2025-06-02
875;188;2026-02-06
876;115;2025-10-25
877;69;2026-04-21
878;257;2026-06-07
879;47;2026-02-11
880;187;2026-05-30
881;6;2025-09-02
882;435;2025-06-19
883;388;2026-06-11
884;72;2026-04-02
885;82;2025-07-03
886;290;2025-05-30
887;377;2026-05-11
888;481;2026-01-03
889;21;2025-08-13
890;390;2026-05-15
891;119;2025-03-06
892;136;2026-01-14
893;120;2025-02-13
894;343;2025-07-31
895;266;2026-01-05
896;199;2026-04-26
897;470;2026-04-11
898;452;2025-02-17
899;21;2025-11-28
900;53;2026-06-18
901;325;2025-10-08
902;428;2025-09-27
903;297;2025-06-28
904;193;2026-01-23
905;188;2025-03-21
906;265;2025-09-15
907;193;2025-08-17
908;265;2026-02-20
909;181;2025-12-20
910;250;2026-05-09
911;455;2025-01-07
912;257;2025-05-23
913;226;2025-06-19
914;118;2025-03-20
915;264;2025-10-15
916;109;2025-06-03
917;96;2025-06-11
918;186;2025-05-02
919;339;2025-08-24
920;213;2025-12-05
921;369;2025-04-27
922;247;2026-05-06
923;246;2025-08-04
924;303;2025-06-15
925;332;2026-02-25
926;12;2025-09-07
927;23;2025-05-11
928;294;2025-06-14
929;69;2026-06-09
930;21;2025-05-31
931;29;2025-06-20
932;133;2025-07-04
933;265;2026-02-20
934;307;2025-01-20
935;450;2025-10-18
936;485;2025-03-29
937;111;2026-04-05
938;311;2026-04-28
939;445;2026-05-09
940;88;2025-08-13
941;426;2026-02-25
942;308;2025-05-27
943;407;2025-07-06
944;320;2026-06-08
945;136;2025-06-21
946;371;2025-12-17
947;473;2026-04-10
948;306;2025-03-12
949;118;2026-01-23
950;198;2025-05-16
951;56;2025-01-17
952;104;2026-06-20
953;441;2026-06-01
954;351;2026-03-06
955;424;2025-06-03
956;311;2025-04-09
957;91;2026-05-03
958;462;2025-02-09
959;450;2026-06-29
960;258;2025-05-01
961;48;2026-05-09
962;338;2025-05-14
963;462;2025-01-02
964;460;2026-03-18
965;268;2026-03-07
966;190;2025-02-14
967;358;2026-06-27
968;220;2025-08-23
969;481;2026-05-09
970;405;2026-01-26
971;180;2025-04-11
972;218;2025-05-18
973;131;2026-05-04
974;393;2025-08-27
975;466;2025-03-27
976;146;2026-02-23
977;132;2025-07-13
978;3;2025-01-08
979;296;2026-06-20
980;61;2026-06-17
981;4;2026-01-20
982;336;2025-07-30
983;353;2025-11-20
984;210;2026-01-06
985;55;2025-06-08
986;219;2025-09-17
987;134;2026-03-10
988;290;2026-01-10
989;314;2025-10-10
990;349;2026-02-11
991;387;2025-07-28
992;212;2026-05-10
993;92;2026-01-15
994;287;2026-05-11
995;130;2025-11-11
996;296;2025-12-19
997;397;2026-02-12
998;377;2025-05-22
999;438;2025-05-02
1000;383;2025-08-24
1001;229;2025-06-15
1002;52;2025-08-08
1003;261;2026-02-15
1004;403;2025-12-13
1005;411;2025-02-23
1006;83;2026-02-03
1007;494;2025-01-06
1008;412;2025-04-04
1009;422;2025-05-29
1010;242;2026-03-22
1011;46;2025-03-07
1012;135;2025-08-16
1013;190;2025-03-23
1014;312;2025-02-08
1015;371;2026-01-29
1016;477;2026-02-15
1017;315;2026-06-18
1018;147;2025-02-28
1019;485;2025-06-29
1020;328;2026-05-22
1021;225;2025-01-11
1022;104;2026-06-15
1023;147;2025-07-19
1024;18;2026-06-07
1025;265;2025-08-26
1026;315;2025-06-23
1027;346;2025-02-06
1028;185;2025-09-02
1029;336;2025-01-01
1030;500;2025-06-11
1031;45;2025-10-10
1032;400;2026-02-14
1033;181;2026-02-09
1034;208;2025-07-25
1035;266;2025-01-16
1036;378;2025-03-12
1037;471;2025-04-03
1038;282;2025-10-19
1039;372;2025-12-23
1040;178;2025-10-11
1041;116;2025-07-19
1042;233;2026-02-18
1043;295;2025-01-05
1044;134;2025-06-29
1045;209;2026-06-03
1046;55;2025-03-16
1047;258;2025-10-29
1048;175;2025-04-30
1049;412;2026-06-10
1050;490;2025-09-21
1051;449;2025-09-14
1052;356;2026-03-30
1053;495;2026-01-22
1054;289;2026-05-11
1055;395;2025-09-07
1056;388;2025-12-14
1057;493;2026-04-15
1058;349;2026-04-17
1059;460;2025-01-29
1060;247;2025-04-30
1061;133;2025-03-11
1062;196;2025-08-14
1063;347;2025-08-24
1064;410;2025-11-20
1065;212;2025-12-28
1066;265;2025-01-10
1067;359;2025-09-27
1068;128;2025-10-22
1069;48;2026-02-13
1070;345;2025-12-17
1071;39;2025-07-02
1072;244;2025-11-18
1073;182;2025-08-12
1074;458;2025-10-03
1075;94;2025-07-14
1076;256;2025-07-24
1077;121;2025-09-05
1078;447;2025-09-29
1079;106;2025-08-23
1080;104;2025-09-13
1081;429;2025-12-31
1082;80;2025-04-20
1083;62;2025-03-22
1084;347;2026-05-20
1085;315;2025-01-07
1086;392;2025-02-13
1087;435;2026-05-09
1088;191;2025-11-19
1089;253;2025-10-09
1090;252;2025-07-07
1091;392;2026-06-08
1092;144;2026-02-12
1093;114;2025-05-12
1094;28;2026-06-23
1095;410;2026-03-10
1096;245;2025-02-03
1097;258;2025-12-22
1098;202;2025-06-28
1099;235;2025-05-04
1100;358;2026-06-15
1101;236;2025-11-20
1102;353;2025-01-09
1103;7;2025-08-04
1104;195;2025-04-14
1105;167;2026-01-06
1106;314;2025-09-23
1107;96;2025-09-27
1108;122;2025-10-03
1109;242;2025-12-18
1110;188;2025-07-08
1111;256;2026-03-11
1112;108;2026-03-06
1113;359;2026-01-17
1114;187;2026-02-15
1115;144;2026-04-07
1116;93;2025-05-15
1117;295;2025-08-23
1118;417;2025-04-13
1119;370;2025-10-04
1120;412;2025-08-30
1121;285;2026-03-19
1122;439;2026-01-26
1123;101;2025-05-30
1124;410;2025-06-03
1125;243;2025-01-10
1126;91;2026-03-08
1127;256;2025-05-18
1128;458;2026-06-14
1129;274;2025-11-20
1130;403;2026-05-14
1131;154;2025-09-14
1132;288;2025-02-18
1133;204;2025-04-12
1134;354;2025-06-17
1135;31;2025-08-09
1136;417;2025-09-18
1137;244;2025-04-09
1138;231;2025-12-09
1139;134;2026-01-05
1140;185;2025-09-21
1141;177;2025-01-21
1142;211;2025-05-05
1143;180;2025-07-23
1144;296;2025-06-28
1145;400;2025-10-19
1146;182;2025-11-29
1147;345;2026-06-07
1148;250;2026-04-03
1149;456;2025-03-22
1150;196;2025-10-21
1151;238;2025-05-29
1152;445;2025-06-21
1153;328;2025-12-12
1154;216;2026-02-19
1155;435;2025-03-15
1156;41;2025-06-15
1157;176;2025-08-22
1158;161;2025-11-21
1159;335;2025-10-26
1160;364;2025-10-01
1161;310;2026-02-09
1162;139;2026-04-01
1163;400;2026-01-07
1164;383;2026-06-18
1165;495;2026-04-07
1166;212;2025-06-21
1167;95;2025-01-24
1168;65;2025-08-29
1169;339;2025-09-15
1170;482;2025-03-23
1171;108;2025-06-20
1172;204;2025-04-16
1173;49;2025-03-07
1174;480;2026-04-30
1175;281;2025-02-25
1176;14;2026-02-11
1177;269;2025-03-27
1178;54;2025-09-26
1179;317;2025-06-09
1180;44;2026-02-04
1181;159;2025-08-23
1182;127;2025-10-18
1183;227;2025-05-10
1184;68;2026-06-24
1185;430;2025-06-24
1186;15;2025-02-05
1187;340;2026-01-01
1188;441;2025-11-30
1189;443;2026-05-03
1190;240;2025-10-06
1191;281;2026-04-01
1192;70;2025-07-01
1193;303;2026-04-13
1194;324;2026-03-22
1195;269;2025-11-14
1196;466;2025-12-22
1197;247;2025-08-21
1198;413;2025-04-02
1199;227;2025-11-12
1200;188;2026-02-27
1201;134;2025-06-09
1202;156;2025-01-11
1203;1;2026-06-20
1204;418;2025-05-20
1205;177;2025-10-21
1206;241;2025-01-09
1207;353;2026-05-19
1208;485;2026-05-04
1209;154;2025-01-10
1210;393;2026-03-17
1211;409;2025-10-27
1212;306;2025-08-25
1213;408;2025-01-08
1214;281;2026-01-18
1215;97;2026-02-26
1216;452;2026-03-24
1217;203;2025-09-13
1218;84;2026-02-04
1219;425;2026-01-23
1220;113;2025-09-27
1221;41;2026-03-09
1222;321;2025-09-03
1223;265;2025-10-06
1224;146;2026-06-29
1225;415;2025-10-03
1226;212;2025-07-12
1227;437;2025-03-12
1228;94;2025-05-20
1229;149;2025-04-24
1230;327;2026-04-12
1231;317;2026-04-09
1232;140;2026-05-19
1233;97;2025-11-25
1234;10;2025-06-05
1235;26;2025-01-23
1236;96;2025-04-15
1237;145;2025-10-03
1238;65;2026-03-25
1239;373;2025-01-09
1240;120;2025-04-03
1241;78;2025-01-16
1242;253;2025-08-11
1243;176;2026-03-07
1244;160;2026-05-26
1245;191;2026-04-20
1246;357;2025-02-02
1247;170;2025-03-24
1248;432;2025-05-30
1249;29;2025-09-30
1250;398;2026-02-06
1251;37;2026-04-27
1252;93;2025-07-16
1253;459;2025-09-14
1254;419;2026-01-26
1255;425;2025-01-13
1256;63;2025-09-12
1257;198;2026-03-30
1258;127;2025-02-04
1259;102;2026-04-17
1260;377;2025-04-07
1261;267;2025-08-02
1262;243;2026-02-03
1263;349;2025-11-16
1264;480;2025-11-27
1265;82;2025-02-13
1266;382;2026-06-18
1267;63;2025-09-17
1268;247;2025-11-02
1269;102;2026-01-05
1270;455;2025-02-23
1271;443;2025-08-12
1272;499;2025-04-26
1273;121;2026-03-21
1274;167;2025-01-16
1275;86;2025-10-10
1276;300;2025-05-03
1277;203;2025-09-06
1278;5;2025-02-13
1279;298;2026-05-02
1280;353;2025-06-08
1281;191;2025-04-02
1282;128;2025-06-11
1283;256;2025-04-04
1284;352;2025-12-13
1285;477;2025-03-03
1286;31;2025-12-31
1287;331;2025-06-07
1288;360;2025-04-20
1289;65;2026-05-15
1290;120;2025-11-21
1291;286;2025-12-22
1292;413;2026-03-26
1293;376;2025-07-17
1294;11;2026-01-22
1295;184;2025-05-18
1296;129;2025-02-10
1297;249;2026-03-25
1298;287;2025-10-29
1299;278;2026-05-17
1300;98;2025-07-11
1301;279;2025-12-23
1302;166;2026-04-25
1303;141;2025-06-14
1304;36;2026-06-28
1305;80;2026-04-06
1306;152;2025-09-27
1307;278;2026-01-11
1308;233;2025-01-01
1309;398;2026-06-03
1310;195;2025-07-09
1311;453;2025-01-20
1312;318;2026-01-08
1313;398;2025-09-02
1314;165;2025-03-06
1315;338;2026-02-01
1316;98;2026-06-21
1317;350;2026-05-25
1318;393;2025-06-07
1319;314;2025-10-17
1320;166;2026-02-24
1321;329;2025-11-26
1322;57;2025-04-09
1323;268;2025-03-10
1324;23;2025-05-13
1325;92;2025-02-02
1326;104;2025-04-20
1327;249;2025-07-16
1328;51;2025-02-02
1329;293;2026-02-02
1330;337;2026-05-17
1331;270;2025-09-20
1332;26;2026-01-11
1333;114;2025-03-14
1334;7;2025-08-02
1335;336;2026-05-19
1336;476;2025-03-23
1337;240;2025-03-04
1338;185;2026-03-02
1339;421;2026-01-13
1340;407;2025-03-01
1341;422;2025-09-30
1342;271;2025-02-11
1343;376;2025-03-14
1344;428;2025-11-08
1345;40;2025-08-10
1346;492;2026-06-16
1347;50;2025-04-14
1348;372;2025-08-25
1349;273;2026-01-30
1350;98;2025-07-17
1351;270;2025-09-12
1352;292;2025-07-03
1353;286;2026-03-02
1354;383;2025-04-19
1355;393;2026-01-02
1356;346;2026-04-15
1357;360;2026-03-14
1358;453;2025-04-17
1359;86;2025-07-04
1360;282;2026-02-16
1361;259;2025-12-12
1362;337;2025-06-11
1363;274;2026-03-30
1364;478;2025-12-27
1365;463;2025-11-19
1366;282;2025-11-29
1367;433;2026-01-16
1368;212;2026-03-17
1369;423;2025-11-28
1370;312;2025-09-04
1371;289;2025-08-08
1372;193;2025-09-18
1373;185;2026-04-09
1374;230;2026-02-11
1375;1;2025-02-05
1376;146;2025-01-17
1377;266;2025-05-19
1378;456;2025-11-06
1379;4;2025-11-04
1380;114;2025-08-08
1381;439;2025-11-19
1382;12;2025-10-10
1383;471;2026-06-08
1384;285;2025-06-08
1385;49;2025-02-08
1386;236;2025-12-31
1387;80;2025-05-22
1388;136;2026-01-11
1389;456;2025-09-13
1390;120;2025-09-20
1391;416;2025-11-04
1392;48;2026-02-14
1393;292;2025-08-11
1394;376;2025-03-21
1395;371;2025-11-29
1396;406;2026-05-10
1397;89;2026-05-15
1398;423;2025-04-08
1399;305;2025-11-04
1400;20;2026-01-26
1401;41;2025-02-27
1402;472;2025-12-09
1403;179;2026-03-21
1404;214;2025-05-04
1405;446;2025-08-21
1406;383;2025-01-12
1407;325;2026-01-27
1408;28;2025-11-09
1409;269;2025-02-12
1410;164;2025-06-03
1411;168;2026-05-30
1412;358;2025-08-15
1413;79;2025-02-21
1414;345;2026-02-07
1415;498;2026-04-02
1416;386;2026-06-01
1417;47;2025-08-16
1418;222;2025-10-24
1419;403;2026-02-08
1420;76;2025-05-16
1421;173;2025-03-26
1422;244;2025-02-20
1423;281;2026-02-13
1424;135;2025-03-29
1425;205;2026-05-29
1426;223;2025-05-14
1427;391;2025-05-19
1428;247;2025-07-22
1429;250;2026-02-09
1430;334;2025-07-20
1431;288;2026-06-21
1432;127;2025-09-06
1433;37;2025-09-30
1434;398;2026-03-17
1435;166;2025-04-02
1436;58;2026-02-28
1437;217;2026-01-10
1438;179;2025-07-15
1439;165;2025-12-19
1440;305;2025-01-25
1441;395;2025-11-09
1442;87;2025-12-25
1443;316;2026-03-29
1444;320;2025-05-30
1445;226;2025-02-15
1446;474;2025-08-28
1447;103;2026-01-18
1448;80;2025-03-29
1449;58;2025-02-25
1450;125;2025-06-01
1451;445;2025-10-22
1452;8;2025-12-18
1453;356;2025-04-24
1454;157;2026-04-06
1455;242;2025-01-24
1456;170;2025-08-03
1457;379;2025-08-05
1458;105;2026-06-20
1459;385;2025-09-22
1460;281;2026-05-10
1461;319;2025-05-25
1462;356;2025-01-19
1463;193;2026-06-24
1464;23;2025-09-19
1465;88;2025-03-03
1466;146;2025-07-25
1467;405;2025-10-05
1468;28;2026-04-22
1469;336;2025-01-09
1470;35;2026-02-02
1471;339;2025-10-05
1472;340;2026-01-04
1473;443;2025-04-21
1474;10;2025-10-27
1475;445;2026-01-31
1476;119;2026-01-25
1477;261;2025-04-12
1478;463;2025-11-20
1479;249;2026-06-29
1480;46;2025-07-10
1481;102;2026-05-28
1482;495;2026-04-14
1483;288;2025-01-23
1484;21;2025-09-11
1485;473;2026-06-27
1486;157;2025-12-08
1487;251;2026-02-07
1488;382;2025-06-10
1489;10;2025-12-22
1490;351;2025-12-27
1491;182;2025-11-06
1492;121;2026-05-29
1493;142;2025-03-05
1494;321;2025-09-21
1495;450;2026-02-01
1496;456;2025-01-31
1497;484;2025-10-14
1498;116;2025-06-05
1499;175;2026-02-07
1500;337;2025-05-21
1501;45;2026-01-27
1502;267;2025-08-21
1503;214;2025-09-04
1504;294;2025-06-06
1505;219;2025-11-16
1506;466;2025-12-04
1507;230;2025-05-15
1508;106;2025-05-22
1509;298;2025-07-27
1510;442;2025-05-22
1511;159;2026-06-21
1512;466;2025-05-19
1513;221;2025-05-29
1514;336;2025-06-11
1515;163;2025-03-11
1516;286;2026-06-30
1517;486;2025-05-02
1518;95;2025-11-22
1519;430;2025-05-30
1520;373;2025-01-31
1521;392;2025-11-23
1522;451;2026-02-28
1523;493;2026-02-26
1524;156;2026-03-30
1525;382;2025-10-08
1526;78;2025-07-12
1527;55;2025-05-15
1528;95;2025-01-27
1529;391;2025-10-01
1530;311;2025-08-25
1531;306;2025-08-26
1532;119;2025-01-27
1533;184;2025-03-23
1534;353;2026-05-04
1535;69;2026-05-30
1536;434;2026-04-26
1537;365;2026-01-18
1538;95;2026-02-01
1539;252;2026-05-01
1540;71;2025-06-17
1541;99;2025-08-20
1542;17;2026-02-23
1543;392;2025-01-16
1544;474;2025-10-04
1545;487;2026-02-27
1546;114;2025-07-27
1547;388;2025-07-29
1548;34;2025-07-01
1549;475;2026-03-26
1550;444;2026-05-17
1551;353;2025-11-29
1552;444;2026-04-14
1553;455;2025-09-10
1554;219;2026-02-19
1555;398;2025-02-12
1556;312;2026-01-25
1557;369;2025-11-17
1558;202;2026-06-22
1559;329;2025-02-09
1560;267;2025-04-22
1561;232;2026-04-13
1562;424;2025-02-13
1563;450;2025-09-09
1564;266;2026-02-10
1565;377;2025-02-10
1566;286;2026-02-01
1567;265;2025-02-20
1568;98;2025-10-26
1569;226;2026-02-12
1570;453;2025-11-08
1571;397;2025-10-20
1572;237;2025-06-20
1573;217;2025-10-29
1574;314;2025-02-25
1575;354;2026-06-14
1576;463;2025-05-26
1577;238;2026-04-08
1578;47;2026-05-28
1579;58;2025-07-04
1580;399;2025-05-19
1581;202;2026-02-28
1582;166;2026-04-07
1583;13;2025-07-03
1584;233;2025-07-26
1585;452;2026-04-11
1586;47;2025-09-14
1587;166;2025-06-17
1588;368;2025-05-07
1589;47;2025-04-27
1590;362;2026-04-06
1591;325;2026-01-07
1592;44;2026-06-21
1593;363;2026-01-29
1594;373;2026-06-08
1595;314;2025-06-13
1596;194;2026-01-25
1597;23;2025-06-24
1598;468;2025-12-10
1599;290;2025-06-03
1600;84;2025-05-29
1601;92;2025-02-22
1602;215;2025-11-12
1603;159;2026-04-02
1604;148;2025-07-05
1605;61;2025-05-15
1606;492;2025-07-27
1607;2;2025-09-17
1608;7;2026-04-15
1609;255;2026-05-26
1610;279;2025-01-06
1611;312;2026-05-21
1612;122;2025-08-11
1613;302;2026-05-03
1614;233;2026-02-24
1615;227;2025-03-23
1616;308;2025-01-07
1617;126;2025-10-12
1618;318;2025-08-01
1619;26;2025-07-09
1620;76;2025-02-26
1621;335;2025-12-24
1622;19;2025-05-29
1623;438;2025-02-03
1624;342;2025-11-02
1625;170;2025-03-31
1626;26;2025-04-22
1627;214;2025-07-02
1628;83;2025-10-19
1629;313;2025-07-01
1630;495;2026-04-12
1631;384;2026-01-04
1632;477;2025-02-06
1633;48;2025-11-03
1634;166;2026-01-13
1635;460;2026-01-24
1636;420;2025-03-11
1637;389;2026-03-14
1638;432;2025-03-08
1639;150;2026-04-28
1640;69;2025-05-05
1641;356;2025-10-09
1642;169;2026-06-24
1643;212;2026-06-22
1644;108;2025-08-03
1645;314;2025-03-01
1646;56;2026-06-26
1647;45;2026-05-11
1648;371;2025-10-22
1649;219;2025-11-21
1650;133;2026-06-23
1651;295;2025-12-29
1652;475;2025-05-13
1653;315;2026-05-24
1654;267;2026-05-25
1655;253;2025-07-04
1656;453;2025-08-27
1657;363;2025-10-25
1658;100;2025-01-02
1659;61;2025-01-25
1660;239;2025-05-01
1661;378;2025-08-01
1662;410;2026-03-01
1663;212;2025-02-16
1664;171;2025-12-25
1665;287;2025-08-06
1666;6;2025-07-26
1667;354;2025-10-16
1668;131;2025-03-11
1669;158;2025-11-04
1670;260;2025-11-28
1671;393;2025-01-07
1672;59;2025-12-08
1673;175;2026-02-10
1674;371;2025-01-30
1675;427;2025-06-29
1676;100;2025-12-05
1677;427;2025-12-13
1678;473;2026-05-06
1679;470;2026-05-01
1680;409;2025-02-06
1681;331;2025-05-20
1682;247;2025-06-09
1683;322;2026-04-17
1684;457;2025-12-10
1685;237;2026-02-28
1686;476;2025-02-27
1687;428;2026-06-18
1688;154;2025-11-20
1689;285;2025-01-20
1690;107;2025-12-06
1691;410;2025-12-29
1692;34;2025-06-02
1693;144;2025-02-01
1694;174;2026-01-20
1695;321;2025-06-19
1696;293;2026-02-03
1697;96;2025-04-30
1698;443;2025-11-12
1699;362;2025-11-19
1700;364;2025-02-02
1701;140;2026-02-28
1702;45;2026-05-24
1703;450;2025-09-01
1704;191;2026-04-08
1705;425;2025-11-06
1706;111;2026-06-22
1707;155;2025-06-29
1708;58;2026-01-19
1709;402;2025-02-08
1710;399;2025-07-26
1711;468;2025-04-05
1712;228;2026-06-03
1713;13;2026-05-10
1714;464;2026-05-28
1715;79;2025-07-14
1716;175;2026-05-11
1717;376;2026-06-21
1718;159;2025-12-02
1719;74;2025-04-11
1720;421;2026-06-13
1721;347;2025-05-16
1722;106;2025-02-07
1723;236;2026-02-01
1724;366;2026-06-19
1725;60;2025-01-05
1726;160;2025-02-15
1727;352;2025-03-31
1728;171;2026-04-24
1729;456;2025-02-17
1730;53;2026-06-18
1731;393;2025-11-16
1732;12;2025-11-16
1733;328;2025-08-03
1734;165;2025-07-25
1735;99;2025-10-21
1736;142;2026-06-30
1737;164;2026-03-28
1738;344;2025-05-01
1739;140;2025-06-02
1740;81;2025-10-08
1741;59;2025-01-16
1742;491;2026-06-11
1743;53;2025-07-31
1744;278;2025-12-25
1745;282;2025-11-23
1746;139;2025-05-25
1747;483;2025-10-18
1748;294;2025-09-08
1749;88;2025-03-14
1750;160;2025-12-13
1751;277;2026-03-31
1752;26;2025-05-14
1753;15;2026-04-28
1754;463;2025-02-21
1755;55;2026-01-28
1756;28;2025-03-30
1757;219;2026-02-06
1758;92;2026-04-02
1759;316;2025-12-31
1760;160;2025-12-07
1761;419;2025-07-22
1762;366;2025-03-22
1763;499;2026-04-22
1764;291;2025-05-15
1765;48;2026-04-25
1766;50;2026-04-12
1767;159;2026-04-22
1768;241;2025-08-26
1769;486;2025-08-18
1770;74;2025-09-22
1771;468;2026-01-08
1772;201;2025-07-07
1773;359;2025-12-05
1774;404;2025-11-29
1775;233;2026-05-15
1776;16;2025-03-08
1777;244;2025-04-26
1778;180;2026-05-06
1779;237;2025-06-24
1780;145;2025-12-23
1781;310;2025-05-11
1782;261;2025-04-16
1783;208;2025-04-20
1784;167;2025-03-14
1785;406;2025-11-06
1786;273;2026-04-18
1787;206;2026-02-28
1788;123;2025-09-07
1789;281;2025-06-12
1790;499;2026-05-09
1791;197;2025-03-09
1792;175;2025-08-02
1793;417;2026-03-18
1794;402;2026-03-22
1795;291;2025-12-17
1796;279;2025-08-30
1797;89;2025-03-21
1798;379;2026-05-14
1799;59;2026-04-20
1800;167;2025-04-10
1801;421;2026-04-01
1802;91;2025-11-12
1803;490;2026-02-20
1804;36;2025-04-22
1805;351;2026-01-24
1806;168;2026-05-22
1807;331;2025-03-04
1808;47;2025-08-11
1809;419;2025-05-23
1810;455;2025-01-01
1811;388;2025-05-31
1812;339;2025-06-02
1813;232;2026-06-29
1814;150;2026-02-04
1815;316;2026-04-03
1816;101;2025-07-30
1817;349;2025-11-21
1818;154;2025-11-08
1819;471;2026-03-22
1820;368;2025-12-19
1821;46;2025-01-09
1822;314;2026-06-07
1823;207;2025-05-11
1824;437;2025-10-29
1825;32;2026-01-14
1826;462;2025-02-24
1827;1;2026-01-03
1828;57;2025-10-16
1829;444;2025-02-01
1830;121;2026-03-19
1831;360;2026-02-08
1832;321;2025-11-22
1833;365;2026-01-27
1834;208;2026-01-26
1835;223;2025-08-05
1836;340;2025-06-27
1837;244;2025-05-23
1838;97;2026-01-29
1839;432;2026-01-04
1840;431;2026-03-04
1841;79;2025-10-23
1842;447;2025-05-09
1843;69;2025-01-12
1844;37;2025-01-17
1845;74;2026-05-14
1846;337;2026-03-24
1847;500;2025-05-20
1848;44;2025-05-21
1849;329;2026-03-02
1850;441;2026-04-12
1851;458;2026-03-12
1852;320;2025-07-04
1853;233;2026-06-06
1854;218;2026-04-06
1855;197;2025-12-30
1856;116;2025-07-10
1857;218;2025-01-08
1858;296;2026-05-26
1859;434;2025-08-31
1860;365;2026-05-29
1861;138;2026-02-25
1862;475;2026-01-11
1863;18;2025-02-08
1864;291;2026-05-10
1865;361;2026-01-13
1866;58;2026-05-09
1867;493;2025-03-23
1868;73;2026-06-24
1869;440;2025-10-14
1870;239;2026-06-14
1871;41;2026-06-20
1872;456;2025-04-01
1873;126;2026-04-29
1874;323;2025-03-21
1875;351;2025-11-16
1876;314;2025-02-24
1877;463;2025-12-18
1878;274;2025-01-12
1879;241;2026-04-10
1880;263;2026-04-26
1881;294;2025-12-06
1882;216;2025-12-28
1883;492;2025-10-29
1884;149;2025-06-21
1885;19;2025-11-08
1886;373;2025-09-24
1887;32;2026-04-30
1888;297;2025-06-23
1889;294;2025-02-22
1890;337;2025-10-26
1891;415;2025-01-28
1892;147;2026-05-12
1893;43;2025-05-10
1894;259;2025-03-20
1895;436;2025-10-12
1896;130;2025-05-16
1897;316;2025-10-15
1898;141;2025-09-21
1899;8;2025-04-25
1900;310;2025-06-28
1901;466;2025-06-04
1902;338;2026-04-03
1903;190;2025-06-29
1904;134;2025-08-30
1905;249;2025-07-05
1906;410;2026-06-25
1907;442;2025-02-03
1908;176;2025-03-28
1909;496;2025-05-29
1910;305;2025-06-07
1911;429;2026-05-23
1912;386;2026-02-27
1913;395;2026-01-28
1914;122;2026-03-27
1915;372;2025-06-21
1916;108;2025-12-20
1917;28;2025-09-28
1918;387;2025-04-29
1919;27;2025-06-21
1920;238;2026-02-13
1921;244;2025-11-05
1922;244;2026-06-30
1923;120;2026-01-24
1924;350;2026-02-04
1925;243;2025-09-26
1926;75;2026-06-28
1927;446;2026-03-22
1928;7;2025-10-23
1929;475;2026-04-05
1930;196;2025-11-20
1931;493;2026-06-27
1932;350;2025-02-12
1933;50;2026-06-29
1934;327;2025-12-29
1935;490;2026-03-19
1936;313;2025-10-07
1937;172;2025-10-04
1938;137;2025-04-11
1939;131;2026-02-05
1940;237;2025-09-05
1941;376;2025-07-19
1942;267;2025-12-12
1943;347;2025-07-04
1944;161;2025-01-11
1945;345;2025-01-09
1946;426;2025-03-11
1947;7;2026-02-26
1948;51;2026-06-22
1949;54;2026-04-02
1950;180;2025-08-13
1951;372;2025-10-18
1952;129;2025-07-17
1953;18;2025-01-25
1954;318;2025-04-05
1955;30;2025-08-11
1956;487;2025-05-05
1957;363;2025-05-03
1958;45;2025-05-14
1959;193;2025-07-09
1960;459;2025-04-24
1961;357;2025-07-08
1962;130;2025-10-29
1963;240;2025-03-19
1964;328;2026-04-10
1965;473;2025-10-11
1966;394;2026-03-14
1967;355;2025-11-28
1968;132;2025-06-15
1969;400;2025-03-17
1970;142;2025-03-05
1971;196;2026-02-02
1972;171;2025-03-03
1973;133;2025-09-29
1974;92;2026-03-28
1975;36;2026-05-19
1976;476;2025-07-25
1977;313;2026-02-07
1978;92;2026-05-19
1979;56;2025-05-28
1980;277;2026-03-18
1981;112;2025-04-19
1982;468;2026-03-29
1983;367;2025-09-23
1984;53;2025-02-05
1985;38;2025-03-14
1986;293;2025-09-14
1987;398;2026-04-02
1988;10;2026-05-25
1989;77;2025-01-01
1990;478;2025-02-08
1991;341;2026-02-04
1992;137;2025-06-05
1993;359;2025-12-04
1994;464;2026-02-05
1995;295;2025-01-04
1996;264;2026-05-18
1997;245;2026-03-23
1998;207;2025-03-13
1999;277;2025-08-20
2000;2;2026-01-29
2001;489;2026-05-09
2002;63;2026-01-03
2003;171;2025-11-07
2004;206;2025-02-26
2005;324;2025-04-03
2006;188;2025-12-15
2007;42;2026-04-16
2008;390;2025-10-24
2009;332;2025-07-27
2010;91;2025-02-10
2011;496;2026-01-29
2012;339;2025-07-15
2013;154;2026-02-04
2014;459;2025-04-20
2015;323;2026-01-03
2016;250;2025-03-28
2017;454;2026-03-25
2018;377;2025-07-14
2019;72;2025-02-06
2020;99;2025-01-26
2021;369;2025-09-02
2022;251;2026-02-03
2023;33;2025-11-12
2024;256;2026-04-06
2025;495;2025-01-17
2026;19;2025-12-14
2027;29;2025-12-12
2028;404;2025-02-13
2029;208;2025-05-02
2030;109;2026-06-20
2031;235;2025-06-02
2032;380;2025-08-27
2033;474;2025-03-15
2034;19;2025-05-25
2035;251;2025-01-20
2036;242;2025-02-16
2037;125;2025-05-14
2038;8;2025-06-26
2039;324;2025-02-21
2040;464;2025-11-11
2041;421;2025-04-10
2042;234;2025-06-24
2043;428;2025-03-07
2044;419;2025-04-19
2045;59;2026-05-25
2046;305;2025-08-14
2047;33;2025-07-27
2048;219;2025-12-12
2049;416;2026-02-16
2050;167;2025-05-04
2051;500;2025-05-21
2052;165;2025-08-07
2053;392;2025-02-16
2054;304;2025-06-27
2055;172;2025-03-06
2056;62;2025-10-08
2057;73;2026-03-02
2058;87;2026-01-14
2059;284;2025-06-18
2060;225;2025-09-07
2061;474;2025-02-11
2062;69;2025-04-13
2063;406;2026-01-21
2064;399;2025-06-11
2065;9;2026-05-14
2066;42;2025-01-07
2067;4;2025-07-03
2068;475;2025-04-02
2069;362;2025-10-18
2070;214;2026-05-03
2071;355;2025-05-10
2072;106;2025-05-27
2073;328;2025-10-05
2074;268;2026-04-07
2075;211;2025-09-02
2076;481;2025-06-28
2077;313;2025-02-08
2078;306;2025-07-04
2079;368;2026-05-27
2080;314;2025-04-01
2081;322;2025-11-05
2082;179;2026-03-05
2083;3;2025-08-30
2084;99;2025-05-01
2085;272;2025-04-08
2086;317;2026-01-06
2087;442;2026-06-04
2088;113;2026-04-21
2089;395;2025-08-02
2090;142;2025-02-24
2091;100;2025-04-26
2092;408;2025-06-02
2093;351;2026-05-01
2094;255;2025-06-30
2095;82;2025-02-14
2096;28;2026-01-08
2097;146;2025-08-03
2098;223;2025-09-15
2099;172;2026-04-10
2100;23;2025-04-17
2101;380;2025-02-23
2102;474;2025-06-30
2103;81;2025-01-30
2104;249;2026-06-12
2105;60;2025-03-14
2106;459;2025-08-29
2107;370;2026-04-01
2108;304;2025-11-30
2109;215;2025-07-23
2110;383;2025-11-30
2111;118;2025-04-23
2112;167;2025-08-22
2113;51;2025-08-31
2114;378;2026-02-27
2115;446;2025-07-24
2116;193;2025-08-14
2117;38;2026-04-28
2118;300;2026-05-12
2119;28;2026-03-23
2120;75;2025-08-10
2121;476;2026-04-11
2122;92;2026-02-01
2123;192;2025-05-20
2124;235;2025-07-18
2125;324;2026-01-03
2126;500;2025-10-04
2127;104;2025-12-10
2128;66;2025-02-02
2129;355;2025-03-03
2130;144;2025-05-20
2131;57;2026-04-22
2132;235;2026-03-05
2133;88;2025-12-18
2134;113;2025-10-30
2135;310;2025-06-10
2136;405;2025-06-24
2137;296;2025-08-24
2138;45;2026-02-26
2139;439;2026-06-19
2140;251;2025-08-10
2141;303;2026-04-30
2142;429;2026-04-19
2143;143;2025-01-15
2144;374;2026-03-15
2145;377;2025-09-10
2146;127;2025-12-02
2147;223;2025-08-16
2148;457;2025-06-02
2149;468;2025-01-06
2150;214;2025-02-15
2151;21;2026-04-27
2152;376;2026-06-01
2153;18;2026-03-12
2154;272;2026-02-08
2155;246;2025-04-11
2156;232;2026-05-23
2157;124;2025-03-27
2158;286;2025-01-13
2159;355;2026-02-21
2160;487;2025-08-12
2161;68;2026-01-03
2162;152;2025-09-02
2163;332;2025-04-03
2164;9;2026-05-07
2165;343;2025-11-09
2166;83;2026-04-16
2167;440;2025-01-25
2168;500;2026-04-11
2169;238;2025-05-22
2170;448;2026-02-20
2171;95;2026-01-15
2172;321;2026-04-21
2173;361;2025-01-02
2174;441;2025-03-14
2175;198;2025-12-07
2176;272;2025-02-03
2177;152;2026-03-13
2178;386;2025-10-04
2179;358;2025-08-01
2180;404;2025-03-24
2181;318;2025-12-10
2182;377;2025-02-26
2183;264;2026-01-08
2184;455;2025-02-22
2185;57;2026-01-28
2186;188;2026-04-22
2187;317;2025-02-11
2188;188;2026-01-11
2189;90;2025-03-10
2190;288;2025-07-29
2191;71;2025-12-09
2192;123;2025-04-27
2193;333;2026-05-05
2194;378;2025-08-03
2195;386;2025-08-19
2196;165;2025-12-28
2197;460;2025-10-01
2198;258;2026-03-10
2199;142;2025-02-25
2200;33;2026-01-17
2201;177;2026-04-09
2202;249;2026-05-29
2203;270;2025-05-06
2204;241;2026-06-29
2205;348;2026-06-30
2206;461;2025-10-27
2207;232;2026-01-12
2208;410;2025-03-09
2209;97;2026-04-14
2210;45;2025-03-24
2211;201;2025-07-03
2212;148;2025-03-20
2213;56;2025-06-18
2214;142;2025-04-25
2215;357;2025-06-01
2216;255;2025-06-04
2217;448;2025-07-29
2218;267;2025-01-24
2219;151;2026-03-03
2220;497;2025-05-16
2221;243;2025-12-22
2222;216;2026-03-31
2223;378;2025-01-22
2224;150;2025-07-13
2225;33;2025-01-23
2226;447;2025-08-26
2227;428;2026-06-17
2228;331;2025-12-10
2229;211;2025-12-18
2230;336;2025-12-01
2231;249;2026-06-27
2232;432;2026-04-01
2233;235;2025-11-08
2234;291;2025-05-16
2235;460;2025-11-10
2236;88;2025-09-24
2237;117;2026-05-11
2238;191;2025-10-23
2239;395;2025-02-18
2240;76;2025-12-28
2241;146;2026-04-12
2242;490;2025-06-20
2243;317;2025-06-14
2244;365;2025-10-20
2245;94;2025-06-29
2246;430;2025-06-07
2247;83;2025-09-01
2248;60;2025-02-12
2249;163;2025-05-10
2250;226;2025-09-24
2251;190;2025-07-08
2252;106;2025-02-05
2253;341;2025-11-21
2254;177;2025-06-01
2255;191;2026-04-05
2256;277;2025-06-16
2257;274;2025-11-05
2258;63;2025-01-26
2259;208;2026-05-27
2260;394;2025-05-29
2261;486;2026-04-15
2262;476;2025-11-24
2263;80;2025-01-05
2264;497;2026-06-04
2265;170;2025-10-30
2266;243;2025-10-24
2267;497;2025-05-31
2268;410;2026-03-29
2269;174;2025-04-26
2270;375;2026-05-06
2271;461;2025-02-11
2272;72;2025-04-30
2273;158;2025-01-26
2274;206;2025-08-14
2275;229;2026-01-01
2276;48;2025-12-01
2277;29;2025-07-19
2278;299;2026-06-24
2279;114;2025-10-12
2280;101;2025-01-24
2281;43;2026-04-02
2282;347;2025-03-31
2283;500;2026-06-09
2284;202;2025-07-19
2285;252;2025-11-22
2286;309;2026-06-08
2287;484;2025-02-27
2288;466;2026-01-05
2289;204;2025-06-01
2290;367;2026-03-14
2291;190;2026-01-31
2292;191;2025-01-13
2293;146;2025-12-20
2294;180;2025-11-12
2295;229;2025-03-31
2296;111;2026-03-31
2297;380;2026-03-02
2298;412;2026-03-30
2299;148;2025-06-17
2300;413;2026-03-11
2301;374;2026-03-01
2302;72;2025-03-30
2303;74;2025-08-01
2304;156;2026-05-02
2305;445;2026-06-22
2306;172;2025-03-09
2307;478;2026-01-20
2308;46;2025-01-07
2309;210;2025-10-07
2310;213;2025-06-29
2311;285;2026-04-19
2312;364;2025-05-21
2313;103;2025-07-10
2314;427;2026-01-26
2315;149;2026-05-18
2316;22;2025-11-06
2317;428;2025-11-08
2318;253;2026-04-20
2319;115;2025-01-28
2320;406;2025-01-03
2321;79;2025-09-26
2322;154;2026-04-29
2323;64;2025-10-22
2324;214;2025-07-03
2325;252;2025-09-08
2326;15;2025-05-03
2327;392;2025-10-11
2328;253;2025-03-10
2329;307;2026-01-06
2330;298;2026-05-08
2331;290;2026-03-23
2332;445;2025-09-22
2333;322;2026-05-03
2334;499;2025-05-03
2335;192;2026-06-09
2336;376;2025-01-18
2337;433;2025-09-23
2338;84;2025-03-01
2339;75;2025-11-24
2340;237;2025-05-19
2341;183;2025-06-17
2342;28;2025-10-07
2343;185;2026-03-06
2344;326;2025-12-31
2345;25;2025-10-24
2346;150;2026-06-27
2347;328;2025-03-20
2348;264;2025-07-18
2349;393;2025-07-07
2350;392;2025-04-07
2351;307;2025-06-21
2352;279;2025-11-27
2353;447;2025-11-20
2354;424;2025-11-05
2355;139;2026-01-07
2356;50;2025-12-27
2357;422;2025-05-28
2358;7;2025-05-21
2359;266;2025-10-16
2360;191;2026-05-12
2361;211;2025-12-15
2362;472;2025-06-16
2363;53;2025-08-12
2364;80;2026-05-31
2365;114;2025-07-12
2366;408;2026-06-23
2367;434;2026-06-29
2368;365;2025-04-27
2369;214;2026-04-17
2370;470;2025-03-20
2371;60;2025-05-15
2372;473;2025-01-18
2373;246;2025-12-23
2374;160;2026-01-07
2375;72;2026-03-29
2376;456;2026-06-20
2377;391;2025-12-17
2378;89;2025-11-08
2379;15;2025-05-02
2380;114;2025-05-12
2381;439;2025-05-26
2382;353;2025-08-21
2383;158;2025-05-09
2384;108;2025-05-14
2385;41;2026-03-12
2386;354;2025-04-25
2387;40;2025-01-20
2388;397;2026-05-11
2389;388;2026-03-18
2390;22;2025-07-21
2391;56;2025-02-03
2392;407;2026-06-10
2393;304;2025-03-02
2394;241;2025-05-02
2395;466;2025-09-17
2396;23;2025-03-09
2397;155;2025-01-11
2398;387;2025-04-09
2399;401;2025-05-07
2400;472;2025-07-30
2401;301;2025-07-24
2402;95;2025-12-26
2403;15;2025-04-03
2404;75;2025-10-12
2405;486;2025-12-23
2406;181;2025-06-14
2407;438;2026-05-28
2408;400;2025-09-05
2409;259;2025-03-11
2410;51;2025-01-15
2411;271;2025-08-11
2412;367;2025-07-16
2413;494;2025-10-16
2414;88;2025-01-05
2415;499;2025-04-12
2416;474;2025-08-08
2417;472;2026-06-01
2418;436;2026-05-02
2419;188;2025-07-09
2420;226;2025-04-20
2421;93;2025-12-30
2422;195;2026-03-11
2423;110;2026-06-11
2424;117;2026-02-22
2425;58;2025-11-18
2426;64;2026-04-23
2427;57;2026-06-17
2428;70;2026-05-23
2429;391;2026-01-05
2430;361;2025-10-23
2431;286;2025-02-11
2432;43;2025-12-02
2433;253;2025-04-29
2434;198;2025-10-18
2435;234;2025-11-16
2436;352;2026-03-31
2437;116;2026-02-22
2438;149;2026-03-15
2439;97;2025-03-13
2440;459;2026-05-03
2441;481;2026-01-12
2442;92;2025-01-14
2443;346;2026-05-19
2444;345;2025-04-18
2445;203;2026-03-25
2446;268;2025-03-29
2447;62;2025-05-27
2448;203;2026-02-15
2449;356;2025-04-15
2450;380;2025-06-22
2451;34;2026-01-08
2452;500;2025-07-23
2453;174;2025-07-25
2454;305;2026-02-18
2455;63;2025-08-27
2456;430;2026-03-11
2457;372;2026-05-27
2458;143;2025-10-07
2459;388;2026-02-14
2460;183;2026-05-03
2461;342;2026-02-19
2462;249;2026-06-08
2463;143;2025-05-31
2464;394;2026-04-11
2465;56;2025-05-06
2466;129;2026-05-17
2467;255;2025-08-25
2468;322;2025-05-18
2469;16;2025-04-12
2470;378;2025-02-24
2471;426;2025-03-11
2472;256;2025-01-28
2473;498;2025-07-03
2474;196;2025-12-01
2475;79;2025-11-07
2476;319;2025-04-09
2477;390;2025-03-20
2478;339;2026-06-17
2479;393;2026-05-20
2480;406;2026-04-23
2481;104;2025-10-28
2482;339;2026-05-25
2483;252;2026-06-01
2484;134;2025-12-18
2485;415;2025-01-19
2486;488;2025-02-02
2487;221;2025-05-02
2488;197;2026-04-06
2489;162;2026-01-21
2490;227;2026-04-16
2491;19;2025-02-03
2492;91;2025-11-07
2493;453;2025-06-18
2494;252;2026-03-18
2495;69;2025-11-16
2496;367;2026-02-03
2497;250;2025-04-23
2498;292;2026-05-18
2499;338;2026-04-27
2500;244;2025-06-10
2501;260;2025-02-27
2502;201;2025-09-27
2503;254;2026-01-22
2504;316;2025-12-28
2505;393;2025-10-19
2506;165;2025-03-04
2507;15;2025-02-16
2508;66;2026-01-11
2509;179;2025-01-28
2510;392;2025-12-16
2511;195;2025-04-10
2512;220;2025-12-20
2513;183;2026-02-26
2514;180;2025-02-27
2515;339;2025-09-08
2516;127;2025-08-29
2517;332;2025-11-16
2518;304;2025-03-28
2519;467;2025-03-09
2520;445;2025-11-09
2521;59;2025-12-12
2522;87;2025-01-21
2523;276;2025-11-30
2524;20;2026-04-17
2525;337;2026-03-09
2526;291;2026-06-12
2527;462;2026-03-08
2528;137;2025-01-21
2529;357;2026-04-26
2530;302;2025-01-23
2531;163;2026-01-22
2532;293;2026-02-04
2533;166;2025-04-11
2534;414;2026-05-16
2535;52;2025-07-30
2536;173;2026-05-24
2537;258;2025-12-14
2538;86;2025-11-03
2539;187;2026-03-23
2540;104;2026-05-24
2541;326;2025-03-19
2542;431;2025-08-08
2543;148;2025-09-29
2544;25;2025-11-01
2545;294;2026-02-16
2546;412;2025-08-20
2547;320;2025-04-05
2548;368;2025-04-08
2549;304;2025-12-11
2550;140;2025-03-10
2551;291;2026-06-28
2552;244;2026-03-14
2553;108;2025-12-22
2554;408;2025-03-20
2555;334;2025-11-06
2556;259;2025-11-04
2557;222;2025-11-17
2558;103;2026-03-01
2559;206;2025-09-15
2560;320;2026-06-12
2561;233;2025-07-04
2562;452;2025-01-20
2563;322;2026-06-13
2564;442;2025-07-11
2565;296;2026-05-27
2566;110;2026-04-24
2567;138;2026-06-30
2568;415;2026-03-21
2569;479;2025-03-03
2570;268;2025-07-25
2571;187;2026-04-19
2572;76;2025-09-04
2573;78;2025-11-04
2574;433;2026-03-22
2575;211;2025-11-23
2576;441;2025-03-07
2577;325;2025-07-28
2578;434;2026-02-27
2579;137;2025-10-21
2580;331;2025-06-14
2581;132;2025-08-30
2582;208;2025-09-02
2583;59;2025-06-03
2584;99;2025-01-29
2585;126;2025-11-14
2586;238;2026-05-13
2587;287;2026-03-23
2588;217;2025-02-07
2589;104;2025-06-13
2590;140;2025-05-20
2591;15;2025-09-22
2592;405;2025-10-12
2593;338;2025-06-30
2594;330;2025-02-13
2595;494;2026-05-13
2596;401;2025-01-21
2597;29;2025-03-27
2598;161;2025-11-02
2599;444;2025-03-07
2600;462;2026-02-21
2601;460;2026-01-08
2602;344;2025-04-03
2603;204;2025-05-24
2604;121;2025-04-25
2605;293;2026-05-28
2606;478;2025-05-04
2607;268;2026-06-22
2608;129;2026-05-24
2609;453;2025-04-03
2610;122;2025-05-06
2611;396;2025-11-17
2612;169;2026-02-04
2613;413;2025-08-30
2614;479;2026-03-10
2615;112;2025-05-28
2616;55;2025-06-29
2617;110;2025-10-09
2618;226;2026-02-23
2619;131;2025-02-27
2620;252;2026-01-19
2621;359;2025-04-26
2622;163;2026-03-10
2623;244;2025-09-10
2624;494;2025-10-12
2625;451;2025-05-29
2626;186;2026-05-02
2627;367;2026-01-12
2628;421;2025-11-12
2629;11;2025-02-05
2630;431;2025-02-25
2631;354;2025-09-03
2632;130;2026-01-29
2633;159;2026-01-07
2634;463;2025-05-05
2635;274;2025-08-31
2636;440;2026-03-30
2637;199;2025-01-09
2638;466;2026-02-07
2639;475;2025-09-19
2640;155;2025-04-03
2641;480;2025-08-30
2642;153;2025-08-04
2643;441;2025-06-14
2644;469;2026-03-26
2645;324;2025-11-21
2646;451;2026-02-21
2647;405;2025-02-04
2648;141;2025-03-24
2649;422;2026-05-19
2650;242;2026-02-27
2651;475;2025-12-07
2652;368;2026-03-09
2653;449;2025-04-13
2654;423;2025-06-14
2655;358;2025-09-25
2656;260;2025-03-09
2657;181;2026-03-07
2658;309;2025-12-01
2659;233;2025-01-29
2660;391;2025-02-23
2661;329;2025-07-08
2662;323;2026-03-31
2663;406;2025-05-20
2664;2;2026-02-15
2665;103;2025-11-09
2666;161;2025-03-26
2667;57;2025-06-11
2668;128;2026-06-13
2669;366;2025-05-14
2670;434;2026-02-25
2671;406;2025-11-24
2672;232;2026-05-05
2673;448;2025-05-17
2674;134;2025-06-27
2675;352;2025-12-02
2676;410;2025-10-16
2677;102;2025-03-28
2678;213;2026-01-12
2679;94;2026-02-07
2680;449;2026-01-22
2681;484;2025-08-18
2682;11;2025-01-24
2683;473;2025-08-23
2684;465;2025-04-02
2685;499;2026-04-19
2686;102;2025-09-26
2687;360;2025-06-22
2688;26;2026-02-15
2689;317;2026-03-16
2690;308;2025-09-24
2691;77;2025-04-02
2692;491;2026-01-12
2693;88;2025-05-01
2694;8;2026-06-23
2695;223;2026-04-10
2696;424;2026-05-22
2697;61;2025-08-18
2698;366;2025-07-28
2699;98;2025-09-30
2700;148;2026-05-22
2701;196;2025-05-14
2702;221;2025-07-31
2703;308;2025-08-09
2704;422;2025-10-17
2705;373;2025-07-13
2706;215;2025-07-04
2707;210;2025-05-30
2708;15;2025-10-25
2709;500;2025-09-26
2710;121;2026-04-07
2711;465;2025-09-12
2712;190;2026-04-15
2713;44;2025-01-11
2714;241;2025-05-17
2715;447;2025-11-28
2716;499;2026-02-12
2717;352;2025-08-06
2718;366;2026-01-28
2719;363;2026-03-10
2720;377;2025-09-20
2721;38;2025-04-08
2722;286;2025-03-02
2723;27;2025-12-07
2724;477;2025-08-29
2725;242;2025-12-29
2726;311;2025-02-16
2727;3;2025-09-17
2728;259;2026-01-26
2729;155;2026-02-09
2730;344;2026-01-15
2731;68;2025-02-12
2732;298;2025-07-03
2733;134;2025-06-23
2734;258;2026-05-20
2735;477;2025-12-14
2736;450;2026-04-25
2737;68;2025-04-02
2738;163;2026-06-28
2739;222;2025-05-26
2740;134;2025-04-30
2741;161;2025-02-15
2742;66;2026-05-27
2743;447;2025-10-15
2744;383;2026-01-05
2745;475;2026-03-17
2746;145;2025-09-27
2747;314;2025-09-28
2748;265;2025-11-17
2749;224;2025-06-18
2750;162;2026-05-19
2751;392;2025-06-04
2752;285;2026-03-27
2753;28;2025-07-13
2754;77;2025-02-25
2755;118;2025-07-07
2756;19;2026-04-27
2757;134;2025-06-17
2758;362;2026-04-24
2759;224;2025-04-29
2760;459;2026-05-22
2761;21;2026-03-29
2762;183;2026-05-12
2763;235;2026-05-20
2764;58;2025-06-01
2765;64;2025-12-24
2766;48;2025-07-28
2767;445;2025-10-18
2768;93;2025-06-22
2769;384;2026-06-05
2770;422;2025-10-07
2771;289;2025-08-06
2772;299;2025-01-05
2773;270;2025-07-04
2774;214;2025-03-20
2775;127;2026-05-26
2776;347;2025-04-07
2777;455;2025-12-03
2778;14;2025-10-19
2779;349;2025-05-05
2780;202;2026-01-18
2781;303;2025-04-19
2782;429;2025-11-28
2783;79;2025-01-30
2784;42;2026-04-17
2785;426;2026-05-07
2786;233;2025-10-03
2787;305;2025-01-06
2788;169;2025-02-14
2789;336;2026-04-09
2790;167;2025-05-13
2791;109;2025-02-19
2792;411;2025-10-17
2793;166;2025-02-26
2794;381;2025-03-14
2795;281;2026-01-26
2796;48;2026-02-13
2797;131;2025-07-02
2798;123;2026-02-13
2799;46;2025-01-22
2800;437;2025-08-02
2801;84;2026-02-02
2802;400;2026-02-17
2803;146;2025-06-07
2804;62;2025-11-02
2805;252;2026-03-19
2806;377;2025-11-14
2807;463;2025-05-15
2808;184;2025-04-09
2809;427;2026-01-12
2810;263;2025-07-24
2811;251;2026-04-02
2812;454;2026-02-02
2813;244;2025-10-02
2814;289;2026-03-10
2815;47;2026-03-09
2816;416;2026-01-13
2817;315;2025-07-10
2818;223;2026-03-13
2819;48;2025-02-11
2820;263;2025-12-16
2821;499;2026-04-20
2822;347;2025-08-18
2823;332;2025-06-08
2824;477;2026-05-23
2825;270;2026-06-22
2826;43;2025-10-25
2827;240;2026-03-24
2828;41;2026-05-05
2829;154;2025-06-02
2830;66;2025-11-04
2831;431;2025-09-12
2832;268;2026-03-14
2833;152;2025-02-18
2834;283;2025-03-20
2835;470;2025-02-16
2836;263;2025-04-21
2837;262;2026-03-12
2838;212;2025-04-07
2839;238;2025-09-17
2840;182;2025-09-18
2841;300;2025-03-25
2842;394;2026-05-31
2843;9;2025-04-27
2844;380;2026-04-19
2845;92;2025-07-06
2846;432;2026-02-07
2847;24;2025-03-27
2848;214;2025-11-01
2849;161;2026-04-11
2850;388;2026-04-06
2851;320;2025-09-29
2852;175;2025-07-11
2853;109;2025-07-09
2854;41;2025-09-23
2855;447;2025-04-19
2856;223;2025-01-19
2857;3;2026-02-09
2858;60;2025-01-14
2859;88;2026-05-04
2860;236;2026-02-19
2861;445;2026-05-14
2862;156;2026-01-05
2863;354;2026-02-09
2864;412;2025-11-06
2865;45;2025-05-09
2866;70;2025-01-15
2867;98;2025-04-25
2868;418;2025-01-17
2869;357;2025-07-12
2870;440;2025-01-28
2871;108;2026-05-08
2872;333;2025-05-29
2873;333;2025-09-05
2874;224;2025-07-15
2875;45;2025-11-05
2876;395;2026-04-20
2877;76;2026-05-01
2878;217;2025-01-23
2879;60;2025-06-20
2880;463;2025-06-06
2881;379;2026-04-01
2882;494;2026-05-12
2883;242;2025-01-21
2884;441;2026-04-06
2885;300;2025-09-06
2886;104;2025-10-29
2887;292;2026-02-06
2888;27;2025-12-08
2889;5;2025-04-16
2890;323;2026-03-19
2891;213;2026-05-23
2892;378;2025-10-25
2893;19;2026-05-15
2894;205;2026-05-13
2895;263;2026-05-15
2896;119;2025-03-04
2897;271;2025-01-20
2898;217;2025-11-20
2899;284;2025-03-07
2900;138;2026-03-04
2901;456;2026-04-30
2902;60;2026-05-22
2903;319;2025-12-22
2904;230;2026-03-23
2905;11;2025-06-15
2906;148;2025-07-16
2907;241;2025-12-19
2908;225;2025-08-26
2909;260;2025-08-13
2910;301;2025-12-14
2911;472;2026-04-25
2912;68;2025-10-28
2913;371;2026-02-04
2914;492;2026-03-03
2915;427;2026-01-04
2916;408;2026-04-29
2917;410;2025-06-15
2918;319;2025-08-01
2919;145;2025-03-30
2920;342;2026-05-10
2921;67;2025-06-27
2922;103;2025-06-10
2923;311;2026-05-19
2924;52;2026-03-02
2925;483;2026-05-21
2926;156;2025-08-29
2927;108;2025-02-18
2928;10;2026-01-03
2929;452;2025-09-25
2930;183;2025-06-12
2931;90;2026-05-31
2932;17;2025-03-07
2933;173;2026-03-17
2934;59;2025-08-21
2935;62;2025-08-18
2936;250;2025-09-22
2937;175;2025-12-30
2938;394;2025-02-17
2939;395;2025-10-01
2940;459;2025-06-04
2941;437;2026-06-12
2942;310;2025-04-17
2943;362;2025-02-21
2944;475;2026-03-25
2945;410;2026-04-14
2946;493;2025-04-24
2947;500;2025-04-19
2948;401;2025-04-15
2949;422;2025-02-12
2950;260;2025-04-18
2951;86;2025-05-01
2952;446;2025-07-30
2953;467;2026-01-06
2954;81;2025-10-27
2955;363;2026-03-29
2956;391;2026-06-03
2957;256;2025-04-12
2958;79;2026-01-08
2959;172;2025-05-22
2960;63;2025-07-26
2961;225;2026-03-02
2962;394;2025-01-07
2963;126;2026-05-01
2964;175;2025-10-21
2965;259;2025-06-25
2966;44;2025-09-30
2967;191;2026-03-01
2968;185;2025-09-09
2969;78;2026-06-27
2970;216;2025-08-22
2971;71;2026-03-16
2972;212;2026-02-24
2973;460;2026-04-15
2974;488;2026-06-13
2975;407;2026-01-06
2976;484;2025-01-31
2977;227;2025-05-30
2978;395;2025-01-11
2979;368;2026-06-14
2980;484;2025-03-13
2981;44;2025-12-13
2982;162;2026-02-16
2983;396;2025-06-18
2984;223;2025-03-04
2985;202;2025-02-07
2986;339;2025-06-04
2987;463;2025-03-01
2988;324;2026-06-17
2989;499;2025-10-30
2990;215;2026-02-16
2991;454;2025-11-08
2992;370;2025-11-18
2993;466;2025-12-19
2994;5;2025-10-14
2995;461;2026-06-25
2996;313;2025-05-31
2997;359;2026-02-18
2998;229;2025-07-30
2999;455;2026-03-29
3000;358;2025-12-20
3001;455;2026-02-19
3002;398;2025-07-22
3003;452;2025-11-05
3004;44;2025-02-07
3005;276;2025-12-09
3006;200;2025-05-10
3007;267;2025-10-18
3008;110;2025-04-06
3009;262;2025-11-16
3010;267;2025-12-15
3011;388;2025-06-13
3012;12;2025-01-29
3013;456;2025-09-22
3014;124;2025-11-08
3015;372;2026-03-09
3016;259;2025-04-24
3017;375;2025-03-03
3018;431;2026-01-17
3019;133;2026-06-04
3020;182;2025-05-07
3021;25;2025-05-08
3022;230;2025-11-02
3023;294;2025-01-06
3024;233;2025-12-14
3025;121;2025-08-28
3026;180;2025-11-03
3027;146;2025-05-24
3028;366;2026-01-22
3029;267;2025-09-11
3030;54;2025-12-02
3031;265;2025-07-17
3032;422;2026-01-05
3033;233;2025-04-11
3034;76;2026-03-12
3035;425;2026-02-26
3036;42;2025-04-05
3037;32;2026-03-12
3038;455;2025-05-14
3039;244;2025-08-08
3040;229;2025-03-21
3041;190;2026-06-23
3042;207;2026-06-16
3043;399;2026-02-09
3044;447;2025-09-28
3045;300;2026-05-26
3046;326;2026-03-10
3047;226;2026-05-17
3048;375;2026-03-03
3049;422;2025-06-16
3050;74;2026-06-02
3051;66;2026-05-12
3052;365;2026-04-14
3053;67;2026-06-10
3054;442;2026-06-26
3055;61;2025-08-06
3056;234;2026-04-30
3057;17;2025-06-10
3058;484;2026-01-14
3059;472;2025-05-02
3060;309;2026-02-23
3061;57;2025-05-04
3062;190;2025-10-24
3063;21;2026-06-20
3064;79;2025-05-01
3065;191;2025-11-09
3066;192;2025-11-07
3067;151;2026-05-13
3068;15;2025-05-27
3069;73;2026-03-08
3070;25;2025-11-09
3071;456;2025-10-18
3072;111;2025-07-07
3073;420;2026-05-16
3074;2;2025-05-06
3075;281;2025-12-24
3076;35;2025-02-15
3077;214;2026-05-08
3078;294;2025-11-14
3079;290;2026-04-09
3080;461;2025-12-12
3081;401;2026-01-22
3082;244;2025-05-16
3083;391;2025-05-22
3084;259;2026-04-17
3085;390;2026-04-06
3086;342;2026-04-05
3087;77;2025-11-30
3088;46;2026-02-24
3089;199;2025-08-27
3090;461;2026-02-09
3091;174;2025-02-16
3092;491;2026-03-30
3093;377;2025-10-12
3094;331;2025-04-01
3095;444;2025-06-19
3096;363;2025-01-26
3097;293;2025-11-13
3098;288;2025-05-07
3099;330;2025-03-29
3100;99;2025-02-24
3101;491;2026-06-19
3102;97;2026-05-03
3103;258;2025-01-20
3104;62;2026-06-29
3105;93;2025-01-20
3106;141;2025-07-30
3107;126;2026-03-31
3108;44;2025-11-25
3109;206;2025-02-16
3110;252;2025-01-24
3111;175;2026-03-24
3112;93;2026-03-01
3113;13;2026-06-25
3114;163;2026-01-27
3115;132;2025-04-04
3116;59;2025-04-12
3117;278;2025-06-22
3118;147;2025-05-28
3119;94;2025-09-19
3120;394;2025-04-02
3121;79;2025-11-11
3122;488;2026-02-22
3123;348;2025-06-23
3124;31;2025-11-30
3125;93;2025-01-28
3126;366;2025-03-01
3127;153;2026-02-04
3128;51;2025-11-24
3129;73;2026-02-27
3130;458;2025-11-28
3131;133;2026-01-20
3132;483;2025-05-04
3133;27;2025-07-27
3134;123;2025-08-31
3135;253;2026-06-05
3136;386;2026-06-01
3137;198;2025-04-28
3138;138;2025-03-04
3139;163;2026-04-21
3140;284;2026-02-21
3141;34;2026-05-11
3142;15;2026-02-22
3143;325;2025-08-28
3144;468;2025-01-20
3145;138;2025-04-14
3146;127;2025-05-09
3147;156;2026-02-21
3148;229;2025-03-27
3149;434;2026-05-28
3150;105;2025-05-26
3151;192;2025-06-22
3152;401;2025-09-09
3153;276;2026-03-10
3154;493;2026-04-08
3155;22;2025-01-02
3156;417;2026-04-21
3157;493;2025-10-24
3158;335;2025-06-21
3159;1;2025-03-03
3160;478;2026-05-09
3161;140;2025-09-14
3162;430;2026-01-25
3163;180;2025-08-06
3164;300;2026-06-07
3165;145;2025-02-16
3166;83;2025-03-13
3167;154;2025-04-02
3168;203;2025-05-06
3169;426;2025-05-24
3170;372;2025-10-14
3171;450;2026-03-19
3172;108;2026-06-01
3173;491;2025-11-22
3174;453;2025-12-17
3175;326;2025-09-25
3176;386;2026-04-09
3177;140;2025-09-09
3178;340;2025-11-26
3179;175;2025-08-04
3180;236;2025-12-03
3181;9;2025-05-17
3182;331;2025-01-03
3183;312;2026-05-03
3184;3;2025-01-10
3185;345;2025-06-27
3186;212;2026-05-16
3187;391;2026-02-07
3188;276;2025-03-25
3189;404;2025-03-21
3190;276;2025-02-01
3191;457;2026-04-01
3192;345;2025-05-07
3193;181;2026-01-21
3194;424;2026-01-02
3195;199;2025-07-01
3196;430;2025-01-09
3197;64;2026-04-19
3198;190;2025-07-17
3199;228;2025-01-10
3200;114;2025-01-21
3201;389;2025-10-15
3202;349;2026-01-02
3203;99;2025-04-03
3204;418;2025-11-07
3205;414;2025-08-15
3206;120;2026-05-21
3207;496;2026-01-07
3208;19;2025-10-15
3209;253;2025-08-03
3210;4;2025-07-20
3211;421;2026-02-10
3212;57;2025-10-12
3213;292;2026-05-28
3214;253;2025-06-24
3215;283;2025-07-18
3216;338;2025-06-29
3217;34;2025-05-12
3218;382;2025-03-08
3219;66;2025-09-23
3220;478;2025-08-22
3221;452;2026-06-20
3222;374;2025-10-08
3223;99;2025-01-24
3224;497;2026-06-30
3225;315;2025-09-16
3226;349;2026-04-10
3227;2;2026-03-14
3228;329;2025-02-23
3229;438;2025-11-27
3230;222;2026-02-21
3231;141;2025-05-05
3232;349;2026-06-15
3233;239;2026-05-23
3234;186;2026-06-14
3235;389;2025-02-14
3236;453;2025-08-18
3237;25;2025-10-12
3238;471;2026-03-07
3239;273;2026-04-05
3240;162;2025-01-06
3241;201;2025-07-19
3242;172;2025-03-25
3243;451;2025-01-26
3244;378;2025-08-20
3245;354;2026-03-10
3246;491;2025-03-18
3247;470;2025-09-13
3248;101;2025-06-18
3249;169;2025-11-15
3250;33;2025-04-10
3251;15;2026-05-07
3252;222;2025-01-25
3253;304;2025-12-09
3254;431;2025-09-14
3255;127;2025-04-21
3256;243;2025-09-02
3257;491;2025-12-15
3258;427;2025-02-25
3259;421;2025-12-08
3260;267;2025-08-31
3261;484;2025-03-16
3262;398;2026-03-26
3263;392;2025-04-08
3264;321;2026-04-03
3265;297;2025-05-08
3266;44;2025-03-04
3267;470;2025-02-04
3268;194;2025-11-17
3269;456;2025-03-08
3270;401;2025-05-11
3271;32;2026-03-29
3272;29;2025-11-05
3273;313;2026-03-19
3274;34;2025-04-15
3275;347;2025-02-27
3276;287;2025-02-23
3277;151;2026-01-26
3278;206;2025-04-09
3279;317;2026-02-25
3280;120;2025-01-11
3281;233;2026-01-29
3282;238;2026-03-15
3283;451;2025-04-14
3284;174;2025-01-27
3285;233;2026-06-14
3286;169;2025-07-17
3287;56;2025-04-16
3288;7;2025-03-11
3289;304;2025-07-18
3290;464;2025-05-10
3291;327;2026-06-06
3292;132;2025-12-30
3293;216;2026-05-08
3294;372;2026-04-01
3295;96;2025-09-06
3296;71;2025-02-15
3297;31;2025-05-11
3298;160;2026-03-23
3299;263;2026-01-02
3300;160;2025-05-30
3301;76;2026-04-26
3302;159;2025-12-18
3303;150;2026-01-13
3304;497;2025-01-09
3305;266;2025-05-29
3306;30;2025-09-01
3307;260;2025-02-25
3308;217;2025-12-19
3309;101;2025-07-25
3310;328;2025-07-26
3311;403;2025-03-12
3312;175;2025-07-13
3313;342;2026-05-03
3314;356;2026-04-24
3315;308;2025-12-06
3316;437;2025-12-10
3317;316;2025-11-03
3318;215;2025-12-03
3319;84;2025-04-18
3320;233;2025-02-13
3321;254;2025-08-13
3322;472;2025-01-04
3323;328;2025-08-17
3324;355;2025-08-24
3325;239;2025-08-07
3326;123;2026-05-08
3327;377;2025-12-06
3328;414;2026-01-20
3329;106;2026-02-14
3330;95;2025-01-07
3331;186;2025-01-11
3332;38;2026-01-02
3333;16;2025-04-28
3334;73;2025-10-25
3335;226;2025-07-19
3336;324;2026-01-04
3337;23;2025-01-31
3338;102;2025-07-22
3339;146;2025-06-28
3340;113;2025-09-26
3341;369;2025-06-28
3342;174;2025-09-09
3343;92;2025-07-20
3344;12;2025-06-30
3345;432;2025-09-26
3346;467;2025-04-14
3347;11;2025-05-21
3348;195;2025-04-24
3349;174;2025-08-04
3350;157;2026-04-13
3351;123;2026-01-14
3352;415;2026-01-17
3353;339;2025-06-25
3354;482;2026-06-24
3355;410;2026-03-21
3356;450;2025-03-08
3357;61;2025-05-28
3358;452;2025-05-14
3359;407;2025-07-14
3360;99;2026-06-30
3361;194;2026-01-19
3362;163;2026-03-16
3363;326;2025-09-08
3364;472;2025-02-17
3365;391;2025-07-13
3366;438;2025-10-29
3367;405;2025-06-02
3368;168;2025-09-11
3369;28;2025-10-14
3370;447;2025-05-10
3371;436;2026-06-05
3372;496;2026-05-16
3373;108;2025-03-25
3374;402;2026-04-27
3375;405;2025-03-08
3376;86;2026-06-05
3377;199;2026-06-06
3378;192;2026-05-26
3379;266;2026-04-21
3380;92;2025-11-26
3381;365;2026-01-18
3382;270;2026-05-10
3383;367;2026-05-22
3384;243;2025-10-02
3385;298;2026-02-15
3386;327;2025-02-07
3387;107;2025-08-13
3388;459;2025-07-27
3389;232;2025-08-29
3390;203;2025-08-12
3391;157;2026-03-12
3392;456;2026-01-22
3393;293;2025-06-10
3394;479;2026-01-19
3395;131;2025-03-28
3396;69;2025-03-28
3397;152;2026-04-01
3398;266;2025-12-27
3399;118;2025-02-12
3400;239;2026-06-09
3401;319;2025-12-11
3402;219;2026-04-07
3403;240;2026-03-19
3404;210;2026-01-12
3405;412;2026-05-25
3406;163;2025-10-07
3407;196;2025-01-26
3408;92;2026-03-29
3409;120;2025-09-29
3410;331;2025-03-19
3411;184;2025-03-26
3412;151;2026-05-29
3413;263;2025-03-22
3414;403;2025-10-11
3415;475;2025-08-22
3416;51;2025-05-02
3417;37;2026-01-04
3418;20;2025-07-25
3419;171;2025-07-21
3420;346;2025-12-04
3421;129;2025-11-06
3422;382;2025-10-09
3423;98;2025-05-22
3424;438;2025-09-25
3425;5;2025-11-03
3426;145;2025-12-21
3427;401;2026-02-18
3428;485;2026-02-20
3429;421;2025-01-13
3430;242;2026-06-09
3431;390;2025-06-02
3432;444;2026-02-12
3433;117;2025-08-21
3434;371;2025-08-03
3435;243;2025-08-28
3436;265;2026-04-25
3437;370;2026-04-18
3438;175;2025-03-29
3439;161;2025-07-12
3440;220;2026-03-04
3441;108;2026-03-26
3442;231;2025-01-31
3443;192;2025-05-23
3444;296;2025-05-12
3445;157;2025-01-10
3446;256;2025-12-30
3447;174;2025-08-19
3448;215;2026-03-12
3449;352;2026-02-18
3450;391;2025-11-03
3451;167;2025-01-24
3452;291;2025-02-02
3453;473;2025-05-23
3454;79;2025-12-05
3455;291;2026-02-05
3456;196;2025-07-29
3457;486;2026-02-05
3458;33;2026-01-31
3459;97;2026-05-02
3460;56;2025-12-03
3461;292;2026-04-08
3462;328;2025-11-08
3463;48;2025-06-25
3464;54;2025-07-01
3465;17;2026-05-16
3466;14;2025-07-11
3467;102;2025-03-13
3468;467;2026-01-31
3469;146;2025-07-30
3470;120;2025-10-26
3471;338;2026-06-21
3472;36;2026-04-11
3473;30;2026-01-13
3474;266;2025-01-12
3475;88;2025-12-01
3476;441;2026-02-25
3477;201;2025-06-10
3478;57;2025-05-13
3479;275;2026-03-05
3480;245;2025-03-12
3481;200;2025-07-31
3482;67;2025-07-30
3483;159;2026-03-19
3484;419;2026-05-02
3485;82;2025-11-14
3486;301;2025-07-27
3487;258;2026-04-15
3488;142;2025-07-26
3489;4;2025-05-27
3490;229;2025-03-07
3491;423;2026-02-13
3492;310;2025-09-10
3493;270;2025-12-03
3494;467;2026-05-18
3495;236;2026-04-19
3496;295;2025-02-10
3497;378;2025-04-04
3498;148;2026-04-13
3499;178;2025-11-01
3500;201;2025-06-29
3501;213;2025-09-13
3502;92;2026-03-19
3503;235;2026-01-29
3504;467;2025-07-07
3505;358;2025-04-08
3506;202;2025-02-14
3507;123;2025-06-11
3508;141;2025-10-26
3509;342;2025-03-10
3510;358;2025-08-11
3511;466;2026-05-21
3512;211;2025-05-05
3513;189;2025-03-20
3514;387;2025-04-18
3515;259;2025-11-30
3516;210;2026-04-07
3517;85;2025-09-16
3518;107;2026-06-03
3519;23;2026-04-19
3520;14;2025-03-16
3521;328;2026-04-18
3522;196;2025-12-18
3523;382;2026-02-13
3524;439;2025-07-19
3525;204;2025-02-08
3526;6;2025-09-14
3527;59;2025-05-20
3528;168;2026-04-21
3529;249;2026-04-18
3530;35;2025-03-26
3531;281;2025-09-06
3532;366;2026-03-25
3533;72;2026-04-28
3534;421;2025-10-13
3535;431;2025-06-15
3536;88;2025-01-19
3537;311;2025-04-13
3538;91;2025-10-29
3539;64;2026-02-05
3540;87;2025-03-21
3541;344;2025-01-12
3542;347;2025-10-07
3543;79;2026-03-28
3544;184;2025-07-02
3545;111;2025-02-05
3546;458;2026-06-30
3547;111;2026-03-29
3548;357;2025-02-18
3549;429;2026-06-20
3550;329;2025-04-16
3551;200;2025-11-12
3552;228;2025-02-23
3553;307;2025-01-05
3554;25;2026-01-22
3555;393;2025-07-26
3556;476;2025-09-13
3557;192;2025-09-02
3558;103;2025-04-04
3559;9;2026-03-08
3560;15;2025-01-15
3561;173;2025-07-16
3562;349;2025-03-06
3563;113;2025-04-09
3564;409;2025-06-21
3565;371;2025-06-21
3566;23;2026-03-02
3567;263;2025-04-21
3568;418;2025-12-01
3569;166;2025-07-14
3570;320;2025-08-01
3571;479;2026-02-09
3572;481;2026-03-15
3573;62;2025-08-26
3574;110;2025-04-19
3575;183;2025-11-28
3576;89;2025-01-16
3577;206;2025-11-20
3578;7;2026-02-03
3579;109;2026-04-15
3580;113;2025-03-09
3581;337;2025-10-13
3582;333;2026-01-13
3583;23;2025-03-10
3584;454;2025-08-12
3585;211;2025-11-05
3586;393;2026-05-27
3587;53;2025-06-25
3588;129;2025-04-08
3589;308;2025-11-29
3590;324;2026-02-02
3591;348;2025-05-17
3592;171;2025-06-29
3593;326;2025-11-22
3594;436;2026-05-09
3595;35;2025-12-10
3596;10;2026-04-05
3597;196;2026-06-08
3598;328;2025-08-27
3599;258;2025-01-14
3600;120;2025-01-22
3601;316;2025-05-08
3602;159;2025-08-31
3603;378;2026-03-15
3604;388;2025-09-07
3605;318;2025-03-23
3606;31;2025-05-21
3607;192;2026-05-26
3608;152;2025-07-26
3609;78;2026-01-20
3610;105;2025-02-08
3611;122;2026-03-31
3612;379;2025-12-03
3613;69;2025-10-12
3614;163;2025-02-10
3615;267;2026-03-01
3616;332;2025-10-23
3617;385;2025-01-25
3618;118;2025-12-06
3619;176;2025-09-06
3620;106;2025-02-25
3621;465;2025-09-12
3622;411;2025-08-16
3623;312;2026-01-26
3624;267;2025-11-26
3625;94;2026-03-29
3626;323;2025-01-07
3627;34;2026-05-19
3628;36;2025-07-17
3629;27;2025-05-25
3630;481;2025-07-29
3631;65;2025-04-04
3632;89;2025-07-29
3633;121;2026-06-04
3634;41;2026-03-13
3635;372;2026-04-24
3636;160;2025-06-18
3637;370;2025-07-22
3638;126;2026-03-11
3639;91;2025-09-12
3640;156;2025-10-20
3641;296;2026-04-05
3642;496;2025-07-26
3643;140;2026-05-08
3644;41;2026-01-04
3645;204;2026-01-22
3646;86;2026-04-28
3647;226;2026-03-09
3648;259;2026-03-20
3649;390;2025-06-09
3650;420;2026-05-09
3651;11;2026-01-26
3652;219;2025-03-27
3653;389;2025-11-04
3654;305;2025-06-06
3655;284;2025-06-29
3656;132;2026-01-25
3657;238;2025-11-10
3658;233;2025-10-18
3659;193;2026-05-08
3660;37;2025-12-08
3661;70;2026-04-26
3662;101;2025-06-08
3663;470;2025-07-14
3664;3;2025-01-14
3665;442;2026-05-28
3666;374;2026-01-19
3667;252;2026-02-19
3668;474;2026-03-02
3669;482;2026-02-09
3670;497;2026-01-18
3671;197;2026-05-17
3672;158;2025-03-14
3673;210;2025-02-09
3674;472;2025-05-08
3675;198;2025-06-16
3676;100;2026-03-23
3677;491;2025-09-19
3678;395;2025-12-23
3679;261;2026-05-16
3680;326;2026-01-13
3681;357;2025-03-01
3682;334;2026-01-30
3683;475;2026-03-11
3684;377;2025-09-10
3685;125;2026-05-05
3686;18;2026-01-06
3687;324;2025-01-29
3688;358;2025-06-01
3689;134;2026-04-12
3690;484;2025-05-31
3691;131;2025-09-11
3692;309;2025-06-15
3693;7;2025-04-30
3694;395;2025-04-05
3695;330;2026-01-29
3696;204;2025-03-24
3697;266;2025-07-13
3698;449;2026-03-10
3699;85;2026-03-14
3700;130;2025-11-06
3701;257;2026-06-30
3702;338;2026-01-27
3703;301;2025-11-12
3704;376;2026-02-26
3705;386;2025-04-02
3706;56;2025-12-19
3707;417;2025-05-27
3708;138;2025-08-03
3709;477;2026-02-12
3710;358;2025-11-12
3711;4;2025-06-22
3712;418;2026-05-19
3713;1;2025-04-10
3714;36;2026-03-04
3715;269;2026-03-03
3716;336;2025-10-23
3717;376;2026-03-18
3718;88;2025-06-30
3719;192;2025-07-10
3720;361;2025-05-18
3721;102;2026-05-14
3722;94;2026-05-30
3723;486;2025-04-23
3724;231;2025-08-06
3725;96;2025-07-25
3726;31;2025-07-07
3727;415;2025-07-16
3728;133;2026-02-23
3729;226;2025-04-22
3730;445;2025-06-20
3731;41;2025-10-28
3732;44;2026-01-22
3733;64;2025-10-11
3734;33;2025-12-17
3735;16;2025-08-29
3736;245;2026-05-12
3737;345;2025-04-14
3738;5;2025-03-04
3739;137;2025-01-08
3740;341;2025-02-12
3741;50;2025-08-05
3742;268;2025-01-08
3743;193;2026-06-17
3744;493;2025-09-30
3745;478;2026-05-13
3746;243;2025-12-12
3747;310;2026-03-16
3748;173;2026-01-15
3749;350;2025-12-18
3750;162;2025-09-03
3751;482;2026-01-05
3752;341;2026-02-13
3753;194;2025-02-28
3754;500;2025-12-31
3755;448;2025-12-05
3756;413;2025-04-13
3757;2;2026-04-13
3758;446;2026-02-16
3759;372;2025-05-23
3760;14;2025-05-06
3761;445;2026-06-28
3762;144;2025-09-12
3763;189;2026-04-08
3764;317;2026-05-02
3765;264;2026-02-28
3766;339;2025-07-12
3767;2;2025-11-26
3768;9;2026-01-04
3769;448;2025-02-16
3770;497;2025-11-30
3771;348;2026-03-31
3772;120;2026-05-12
3773;205;2025-03-25
3774;179;2026-03-15
3775;481;2026-05-03
3776;338;2025-04-13
3777;376;2026-01-30
3778;151;2025-07-19
3779;365;2025-05-27
3780;446;2026-06-17
3781;449;2026-06-01
3782;17;2025-05-11
3783;255;2025-03-31
3784;155;2026-04-24
3785;87;2026-04-02
3786;489;2025-04-29
3787;247;2025-09-04
3788;125;2025-08-05
3789;88;2025-04-02
3790;55;2026-03-22
3791;367;2025-01-30
3792;83;2025-12-01
3793;463;2026-01-28
3794;393;2025-10-15
3795;113;2025-09-21
3796;341;2026-05-03
3797;488;2025-05-07
3798;341;2025-05-20
3799;473;2026-05-19
3800;47;2025-12-07
3801;447;2025-08-18
3802;478;2025-03-08
3803;330;2025-12-18
3804;194;2026-01-26
3805;335;2026-03-24
3806;414;2025-08-27
3807;115;2025-09-23
3808;60;2025-10-25
3809;45;2025-04-25
3810;46;2025-12-15
3811;380;2025-07-12
3812;382;2025-04-29
3813;294;2026-01-12
3814;66;2025-11-17
3815;489;2026-01-25
3816;296;2025-01-02
3817;160;2025-03-05
3818;303;2025-07-14
3819;434;2026-02-02
3820;217;2025-11-24
3821;395;2026-01-09
3822;409;2025-05-10
3823;267;2025-08-16
3824;55;2026-02-09
3825;5;2026-04-17
3826;162;2025-05-29
3827;418;2025-10-31
3828;429;2025-08-13
3829;256;2026-04-12
3830;76;2025-10-18
3831;75;2025-02-05
3832;307;2025-11-24
3833;159;2026-05-30
3834;353;2025-05-07
3835;141;2026-05-05
3836;324;2025-08-09
3837;254;2025-10-26
3838;361;2026-01-21
3839;31;2025-12-08
3840;79;2025-08-04
3841;435;2025-08-19
3842;359;2025-02-23
3843;473;2025-07-03
3844;439;2026-05-15
3845;373;2026-02-06
3846;154;2025-06-13
3847;12;2026-02-06
3848;173;2026-03-09
3849;348;2026-04-30
3850;179;2026-02-05
3851;201;2025-03-15
3852;271;2025-10-17
3853;145;2025-07-19
3854;359;2026-02-08
3855;50;2025-05-15
3856;166;2025-02-25
3857;436;2025-11-08
3858;235;2025-06-17
3859;296;2025-05-21
3860;227;2026-05-10
3861;150;2025-05-29
3862;108;2025-08-12
3863;412;2025-07-20
3864;377;2025-01-10
3865;186;2025-04-15
3866;348;2025-06-01
3867;193;2026-03-14
3868;348;2025-06-22
3869;475;2025-02-27
3870;50;2025-12-31
3871;499;2026-05-01
3872;92;2025-02-23
3873;61;2026-06-12
3874;333;2025-12-13
3875;304;2026-03-21
3876;497;2025-06-02
3877;322;2026-02-18
3878;126;2025-02-04
3879;61;2025-09-04
3880;204;2026-05-16
3881;155;2025-06-26
3882;335;2026-01-20
3883;398;2025-04-02
3884;399;2026-04-20
3885;443;2026-01-27
3886;141;2026-04-01
3887;189;2025-01-12
3888;62;2025-04-30
3889;43;2025-05-05
3890;251;2026-06-06
3891;116;2025-01-24
3892;301;2026-05-07
3893;141;2025-04-07
3894;407;2025-07-05
3895;197;2026-05-11
3896;331;2026-03-21
3897;153;2025-05-09
3898;51;2025-11-30
3899;33;2025-07-09
3900;208;2025-01-21
3901;202;2026-06-27
3902;251;2025-03-07
3903;266;2025-05-08
3904;386;2025-08-01
3905;495;2025-05-01
3906;93;2025-07-04
3907;3;2026-04-03
3908;410;2025-11-18
3909;63;2025-02-10
3910;66;2025-07-31
3911;335;2025-06-15
3912;45;2025-09-20
3913;436;2025-02-05
3914;44;2025-05-08
3915;260;2025-11-02
3916;187;2025-06-25
3917;217;2025-01-01
3918;128;2025-11-04
3919;24;2026-06-16
3920;464;2025-10-28
3921;338;2026-04-01
3922;72;2026-05-18
3923;356;2025-11-17
3924;268;2025-12-27
3925;311;2026-06-07
3926;108;2025-04-12
3927;340;2025-02-15
3928;122;2025-02-07
3929;97;2025-05-26
3930;154;2025-08-09
3931;491;2025-05-18
3932;309;2025-08-10
3933;303;2026-01-03
3934;143;2025-05-12
3935;374;2026-03-09
3936;39;2025-09-19
3937;134;2026-01-26
3938;333;2025-06-17
3939;205;2026-04-13
3940;43;2025-09-18
3941;347;2026-03-12
3942;482;2025-05-27
3943;275;2025-07-28
3944;37;2025-10-03
3945;325;2025-07-17
3946;366;2026-01-17
3947;289;2026-06-08
3948;310;2025-06-17
3949;215;2025-06-07
3950;162;2026-03-21
3951;195;2025-01-27
3952;494;2025-09-11
3953;40;2025-10-04
3954;64;2026-06-29
3955;57;2026-02-21
3956;34;2025-12-04
3957;328;2025-04-02
3958;186;2025-12-08
3959;399;2025-10-07
3960;75;2025-08-20
3961;141;2025-01-11
3962;51;2026-01-22
3963;497;2025-08-16
3964;194;2025-04-18
3965;401;2025-05-07
3966;90;2026-06-24
3967;373;2025-11-10
3968;302;2026-05-17
3969;49;2026-06-26
3970;179;2025-10-16
3971;283;2025-10-05
3972;312;2025-04-12
3973;460;2025-02-19
3974;88;2025-11-22
3975;485;2026-02-03
3976;93;2025-12-20
3977;413;2026-06-29
3978;283;2026-02-17
3979;245;2025-05-11
3980;133;2025-01-10
3981;352;2026-06-10
3982;366;2025-06-09
3983;337;2025-05-10
3984;74;2026-01-23
3985;291;2025-10-01
3986;28;2026-01-15
3987;363;2025-09-13
3988;348;2026-03-05
3989;362;2026-04-14
3990;94;2026-03-26
3991;182;2026-04-25
3992;258;2025-10-21
3993;142;2026-03-15
3994;267;2025-08-23
3995;157;2025-03-31
3996;486;2025-11-09
3997;209;2025-11-17
3998;433;2025-04-03
3999;325;2025-03-23
4000;40;2025-09-03
4001;484;2025-04-06
4002;85;2025-02-28
4003;44;2025-10-20
4004;284;2026-05-20
4005;414;2025-01-11
4006;493;2026-03-11
4007;347;2026-06-05
4008;478;2025-05-20
4009;246;2026-05-25
4010;264;2026-06-30
4011;358;2025-05-08
4012;208;2025-01-15
4013;316;2025-07-14
4014;467;2025-01-08
4015;366;2026-03-12
4016;360;2025-12-20
4017;126;2026-06-25
4018;351;2025-02-13
4019;311;2026-04-05
4020;494;2025-06-22
4021;346;2026-06-21
4022;463;2025-08-19
4023;90;2025-03-18
4024;188;2025-05-17
4025;264;2025-12-28
4026;488;2025-02-22
4027;217;2026-05-23
4028;195;2025-06-24
4029;192;2025-04-26
4030;174;2025-09-13
4031;426;2025-05-01
4032;149;2025-11-03
4033;248;2025-10-28
4034;136;2025-08-07
4035;2;2026-02-08
4036;112;2025-11-09
4037;476;2026-06-12
4038;423;2025-02-06
4039;479;2026-04-20
4040;457;2026-05-15
4041;30;2025-12-31
4042;4;2026-04-17
4043;169;2025-11-02
4044;182;2025-04-20
4045;3;2025-12-25
4046;456;2025-07-10
4047;206;2025-12-30
4048;5;2025-04-14
4049;221;2026-05-19
4050;102;2025-03-28
4051;271;2026-06-11
4052;461;2025-06-07
4053;211;2025-05-07
4054;468;2026-05-15
4055;4;2025-06-09
4056;394;2025-09-14
4057;116;2026-04-27
4058;203;2026-01-19
4059;154;2026-01-09
4060;220;2025-07-06
4061;275;2025-10-03
4062;56;2026-03-26
4063;337;2026-03-26
4064;83;2025-05-24
4065;182;2026-03-21
4066;3;2026-01-03
4067;453;2025-07-23
4068;57;2025-07-14
4069;146;2025-02-11
4070;69;2026-02-09
4071;216;2025-12-06
4072;462;2025-02-02
4073;83;2025-07-23
4074;486;2026-05-06
4075;492;2025-09-30
4076;61;2026-03-08
4077;251;2026-05-23
4078;410;2025-05-11
4079;167;2026-02-14
4080;257;2026-02-03
4081;68;2025-04-23
4082;491;2025-04-21
4083;406;2025-01-22
4084;65;2025-06-09
4085;177;2026-05-28
4086;7;2025-08-31
4087;27;2025-12-17
4088;220;2025-01-09
4089;223;2026-05-07
4090;149;2025-10-16
4091;249;2025-03-26
4092;390;2026-03-16
4093;127;2025-06-06
4094;374;2026-06-08
4095;96;2025-09-13
4096;144;2025-04-28
4097;443;2025-09-27
4098;359;2025-09-11
4099;342;2026-03-16
4100;102;2026-05-01
4101;362;2025-04-16
4102;359;2026-05-30
4103;313;2025-07-05
4104;97;2025-06-02
4105;118;2025-05-04
4106;68;2026-02-15
4107;20;2025-10-08
4108;99;2025-05-30
4109;219;2025-01-19
4110;316;2025-07-24
4111;47;2025-02-22
4112;195;2026-02-22
4113;269;2025-11-10
4114;359;2025-08-25
4115;114;2025-12-11
4116;219;2026-05-06
4117;32;2026-06-07
4118;219;2025-02-22
4119;156;2025-04-23
4120;138;2026-01-08
4121;144;2025-12-26
4122;365;2026-03-05
4123;127;2025-11-24
4124;459;2025-02-18
4125;94;2025-02-11
4126;1;2025-02-23
4127;339;2025-11-26
4128;109;2025-10-20
4129;242;2025-10-14
4130;466;2025-04-14
4131;221;2025-07-09
4132;130;2026-05-19
4133;187;2025-12-09
4134;156;2025-04-25
4135;50;2025-01-14
4136;350;2025-05-14
4137;170;2026-01-05
4138;380;2026-01-06
4139;381;2026-06-26
4140;310;2026-01-16
4141;122;2025-10-10
4142;108;2026-01-29
4143;45;2025-04-19
4144;67;2025-05-04
4145;22;2025-07-15
4146;99;2026-04-02
4147;474;2025-04-12
4148;39;2025-12-18
4149;155;2026-05-01
4150;390;2025-07-26
4151;274;2025-06-07
4152;23;2025-05-11
4153;99;2026-03-05
4154;282;2025-09-16
4155;457;2025-12-22
4156;459;2026-01-10
4157;230;2025-05-01
4158;467;2026-03-23
4159;35;2026-05-10
4160;215;2026-06-21
4161;477;2026-05-31
4162;405;2025-01-23
4163;86;2025-10-08
4164;357;2025-05-13
4165;149;2025-02-16
4166;490;2025-03-04
4167;407;2025-07-14
4168;380;2026-02-12
4169;254;2026-06-30
4170;446;2026-06-10
4171;498;2025-03-18
4172;85;2026-03-25
4173;385;2026-06-06
4174;197;2026-02-04
4175;206;2025-10-06
4176;106;2025-07-08
4177;2;2025-06-13
4178;293;2025-08-12
4179;304;2025-01-10
4180;451;2026-06-10
4181;234;2026-05-31
4182;363;2026-06-22
4183;133;2025-11-07
4184;437;2025-08-14
4185;152;2025-10-02
4186;283;2025-05-02
4187;88;2025-08-18
4188;24;2025-09-01
4189;150;2025-02-10
4190;328;2025-06-01
4191;483;2025-10-12
4192;475;2025-05-17
4193;139;2025-02-22
4194;329;2025-09-12
4195;422;2025-08-04
4196;274;2025-04-29
4197;1;2025-12-22
4198;324;2026-01-13
4199;167;2025-03-27
4200;485;2025-09-28
4201;370;2025-05-17
4202;210;2025-10-29
4203;167;2025-02-28
4204;321;2025-01-11
4205;422;2025-12-31
4206;113;2025-10-14
4207;91;2025-09-20
4208;498;2025-01-17
4209;276;2025-04-19
4210;370;2026-01-27
4211;485;2025-09-21
4212;446;2025-07-31
4213;419;2026-03-29
4214;113;2025-11-29
4215;138;2025-07-28
4216;298;2026-02-09
4217;80;2026-04-02
4218;119;2026-03-21
4219;189;2025-06-01
4220;462;2026-05-06
4221;48;2026-05-23
4222;93;2026-04-16
4223;95;2025-06-30
4224;97;2026-05-18
4225;483;2025-07-04
4226;332;2025-10-16
4227;11;2025-11-14
4228;84;2025-07-01
4229;419;2026-02-08
4230;352;2025-07-12
4231;36;2025-05-27
4232;37;2026-03-13
4233;126;2026-04-11
4234;466;2026-02-17
4235;52;2026-06-24
4236;71;2025-01-13
4237;309;2025-04-13
4238;194;2026-01-29
4239;11;2025-04-23
4240;424;2025-01-14
4241;391;2025-02-14
4242;68;2025-09-12
4243;395;2025-03-27
4244;138;2025-05-27
4245;481;2025-01-14
4246;406;2025-01-10
4247;491;2025-04-19
4248;278;2025-12-13
4249;437;2025-03-29
4250;104;2025-05-23
4251;246;2026-03-31
4252;418;2025-06-17
4253;158;2025-12-06
4254;246;2025-06-08
4255;125;2025-02-27
4256;279;2025-10-01
4257;322;2025-05-07
4258;11;2025-02-15
4259;53;2025-10-31
4260;53;2026-06-08
4261;454;2026-03-02
4262;73;2025-01-02
4263;468;2025-08-18
4264;13;2025-08-21
4265;219;2026-01-30
4266;76;2025-12-28
4267;336;2025-10-21
4268;116;2026-01-29
4269;352;2025-04-26
4270;252;2025-06-23
4271;57;2025-08-18
4272;53;2025-10-16
4273;183;2025-03-20
4274;316;2025-12-08
4275;61;2026-01-05
4276;473;2025-03-28
4277;459;2025-02-14
4278;310;2025-06-04
4279;92;2026-03-15
4280;272;2025-12-09
4281;308;2025-07-05
4282;348;2026-03-12
4283;77;2025-11-05
4284;320;2025-10-21
4285;179;2025-04-17
4286;139;2026-05-27
4287;339;2026-01-13
4288;478;2025-09-29
4289;416;2025-03-20
4290;404;2025-01-03
4291;442;2025-06-02
4292;399;2025-05-31
4293;164;2025-06-01
4294;200;2026-04-03
4295;370;2026-05-05
4296;418;2025-03-10
4297;58;2026-03-14
4298;492;2025-10-13
4299;75;2025-04-03
4300;166;2025-05-11
4301;94;2026-01-30
4302;181;2025-11-23
4303;254;2026-03-11
4304;247;2026-02-28
4305;309;2025-12-08
4306;71;2025-09-09
4307;197;2026-03-05
4308;282;2026-05-25
4309;276;2026-05-20
4310;273;2025-08-24
4311;197;2025-03-27
4312;298;2026-03-08
4313;270;2025-08-13
4314;360;2025-03-31
4315;121;2026-01-06
4316;2;2025-07-28
4317;436;2025-01-18
4318;186;2026-05-01
4319;491;2025-05-17
4320;472;2025-04-23
4321;31;2025-12-24
4322;185;2025-05-23
4323;151;2026-04-17
4324;74;2026-03-08
4325;125;2025-08-04
4326;424;2025-08-18
4327;29;2025-05-22
4328;61;2025-05-27
4329;194;2025-01-27
4330;357;2026-03-11
4331;191;2025-02-25
4332;360;2025-04-19
4333;340;2025-03-17
4334;245;2025-06-11
4335;16;2025-05-31
4336;188;2025-05-25
4337;41;2025-09-08
4338;40;2025-01-13
4339;292;2026-03-03
4340;77;2025-07-06
4341;241;2025-05-24
4342;384;2026-06-25
4343;358;2025-11-03
4344;241;2026-02-26
4345;370;2025-12-12
4346;228;2025-01-14
4347;147;2025-04-24
4348;80;2025-03-03
4349;452;2025-02-02
4350;310;2025-06-27
4351;258;2025-06-14
4352;6;2026-02-10
4353;427;2026-03-10
4354;349;2026-04-11
4355;284;2025-09-22
4356;471;2026-05-29
4357;157;2025-08-21
4358;217;2025-06-10
4359;140;2025-04-05
4360;268;2026-01-22
4361;487;2025-05-09
4362;381;2025-08-05
4363;206;2025-02-27
4364;113;2026-02-06
4365;95;2025-03-21
4366;419;2026-04-25
4367;245;2025-11-17
4368;335;2026-02-19
4369;424;2026-01-25
4370;85;2025-02-25
4371;412;2026-01-16
4372;332;2026-03-11
4373;100;2025-10-04
4374;56;2025-04-17
4375;40;2026-01-07
4376;309;2025-12-10
4377;15;2025-09-03
4378;145;2025-06-16
4379;278;2025-04-20
4380;34;2025-08-05
4381;306;2025-01-12
4382;388;2025-11-13
4383;97;2025-07-26
4384;327;2025-02-03
4385;124;2025-10-03
4386;44;2025-02-15
4387;289;2026-05-11
4388;24;2025-02-19
4389;162;2025-04-06
4390;484;2025-11-13
4391;5;2026-01-01
4392;385;2025-10-17
4393;491;2026-02-12
4394;257;2025-07-19
4395;162;2026-02-05
4396;372;2025-12-31
4397;499;2025-05-13
4398;360;2025-04-10
4399;170;2026-02-22
4400;460;2026-05-31
4401;52;2026-05-30
4402;414;2025-06-03
4403;13;2026-01-27
4404;245;2025-02-08
4405;149;2025-06-15
4406;78;2026-04-20
4407;41;2025-04-06
4408;488;2025-08-26
4409;453;2025-08-09
4410;414;2025-05-25
4411;394;2025-06-14
4412;494;2026-05-29
4413;265;2026-06-20
4414;477;2025-12-16
4415;230;2025-05-15
4416;174;2025-10-25
4417;185;2026-03-18
4418;21;2026-02-01
4419;123;2025-08-02
4420;313;2025-03-18
4421;491;2025-06-06
4422;291;2026-05-25
4423;50;2025-01-16
4424;74;2025-11-13
4425;281;2025-03-31
4426;256;2025-04-07
4427;233;2025-11-18
4428;87;2025-10-30
4429;83;2025-03-11
4430;144;2026-01-08
4431;181;2025-04-02
4432;37;2025-07-03
4433;364;2026-04-17
4434;133;2026-04-30
4435;132;2026-03-29
4436;333;2025-05-24
4437;482;2025-05-07
4438;498;2026-05-15
4439;21;2026-01-08
4440;440;2025-10-21
4441;206;2026-02-23
4442;439;2025-05-13
4443;226;2026-01-11
4444;263;2025-11-18
4445;192;2025-03-27
4446;350;2026-02-28
4447;260;2026-04-06
4448;135;2025-02-13
4449;318;2025-02-28
4450;380;2025-09-08
4451;359;2025-01-09
4452;80;2025-04-18
4453;149;2026-01-20
4454;82;2026-02-13
4455;438;2025-03-16
4456;115;2026-02-02
4457;448;2026-04-19
4458;343;2025-04-06
4459;179;2026-04-23
4460;240;2026-04-22
4461;56;2025-03-29
4462;93;2025-04-21
4463;470;2026-02-11
4464;394;2026-03-20
4465;103;2026-02-16
4466;169;2025-03-08
4467;163;2025-12-17
4468;310;2026-05-13
4469;109;2026-05-03
4470;59;2025-10-13
4471;233;2025-02-09
4472;280;2025-06-09
4473;486;2026-04-27
4474;75;2025-08-07
4475;164;2025-02-02
4476;308;2026-01-25
4477;32;2026-01-06
4478;405;2026-03-17
4479;243;2025-08-07
4480;28;2025-08-05
4481;445;2025-01-24
4482;488;2026-03-10
4483;139;2025-09-16
4484;326;2025-06-30
4485;43;2025-05-26
4486;36;2025-10-08
4487;208;2025-03-25
4488;153;2026-04-08
4489;447;2026-03-06
4490;269;2025-08-08
4491;343;2025-09-23
4492;95;2025-02-25
4493;48;2026-03-15
4494;176;2025-11-01
4495;85;2025-07-23
4496;179;2026-03-06
4497;247;2026-05-02
4498;275;2025-06-14
4499;495;2026-03-24
4500;182;2026-02-03
4501;422;2025-01-11
4502;288;2025-07-23
4503;40;2025-05-29
4504;166;2025-11-21
4505;8;2025-06-04
4506;460;2026-04-15
4507;479;2025-06-01
4508;256;2025-11-21
4509;59;2026-02-21
4510;135;2026-06-18
4511;370;2025-01-04
4512;231;2025-05-09
4513;325;2026-04-06
4514;328;2025-04-10
4515;19;2025-08-12
4516;382;2025-07-12
4517;216;2025-06-20
4518;308;2026-01-22
4519;111;2025-12-23
4520;108;2025-07-15
4521;498;2025-01-15
4522;190;2026-01-08
4523;9;2025-11-06
4524;460;2025-11-11
4525;258;2025-05-08
4526;359;2026-05-27
4527;333;2026-04-12
4528;212;2026-02-25
4529;181;2025-12-27
4530;425;2026-03-13
4531;268;2025-12-10
4532;59;2025-06-30
4533;235;2026-03-15
4534;192;2025-07-01
4535;284;2025-06-16
4536;278;2026-03-23
4537;196;2025-10-19
4538;433;2026-03-24
4539;325;2025-10-18
4540;360;2025-04-12
4541;45;2025-04-17
4542;46;2025-01-17
4543;316;2026-02-26
4544;54;2026-05-24
4545;384;2025-04-13
4546;325;2026-03-31
4547;258;2025-02-03
4548;342;2025-10-24
4549;437;2026-03-07
4550;109;2025-08-17
4551;398;2026-04-11
4552;283;2026-01-26
4553;59;2025-07-20
4554;439;2026-04-26
4555;487;2025-05-08
4556;180;2026-04-21
4557;212;2026-02-10
4558;4;2026-01-19
4559;401;2025-08-18
4560;260;2025-10-18
4561;138;2025-09-28
4562;158;2026-03-01
4563;345;2025-09-05
4564;3;2026-03-01
4565;17;2025-01-16
4566;14;2025-06-07
4567;405;2026-01-19
4568;431;2026-06-16
4569;420;2025-11-22
4570;172;2025-06-24
4571;492;2026-03-17
4572;124;2026-02-05
4573;99;2026-02-07
4574;425;2025-02-22
4575;411;2026-03-16
4576;66;2026-02-04
4577;373;2025-06-27
4578;207;2025-11-22
4579;265;2025-06-12
4580;224;2025-08-25
4581;51;2025-05-10
4582;259;2025-05-02
4583;324;2026-02-06
4584;432;2025-09-24
4585;429;2025-06-12
4586;486;2025-11-27
4587;105;2025-04-06
4588;48;2025-01-27
4589;224;2025-01-12
4590;322;2025-06-06
4591;15;2025-03-22
4592;293;2026-01-27
4593;13;2025-05-14
4594;233;2026-01-02
4595;96;2025-09-03
4596;335;2025-08-16
4597;153;2025-07-18
4598;275;2025-09-09
4599;372;2026-01-23
4600;395;2025-09-24
4601;338;2025-02-22
4602;141;2025-03-26
4603;479;2025-05-28
4604;322;2025-01-24
4605;327;2025-04-16
4606;57;2026-04-16
4607;475;2025-05-06
4608;55;2025-05-26
4609;145;2025-09-26
4610;459;2025-07-04
4611;48;2025-03-21
4612;254;2026-01-06
4613;468;2025-08-01
4614;201;2025-04-14
4615;252;2025-01-23
4616;212;2025-03-17
4617;250;2025-03-20
4618;108;2026-03-06
4619;193;2025-11-18
4620;325;2026-04-07
4621;414;2025-06-14
4622;93;2025-11-02
4623;6;2025-07-02
4624;338;2025-02-02
4625;61;2025-12-18
4626;178;2026-05-11
4627;315;2025-01-06
4628;82;2026-06-19
4629;380;2025-09-18
4630;475;2025-05-05
4631;99;2025-01-31
4632;275;2025-01-24
4633;266;2026-06-09
4634;390;2025-06-06
4635;111;2026-01-09
4636;59;2025-08-11
4637;16;2025-12-02
4638;71;2025-08-14
4639;43;2025-05-10
4640;138;2025-10-08
4641;247;2025-07-24
4642;489;2025-04-05
4643;179;2025-10-29
4644;240;2026-05-23
4645;224;2026-06-09
4646;485;2026-02-14
4647;473;2025-07-17
4648;129;2025-06-27
4649;102;2025-10-15
4650;493;2026-02-07
4651;53;2025-11-16
4652;85;2025-07-30
4653;489;2026-05-15
4654;222;2026-04-02
4655;217;2025-10-06
4656;418;2025-11-23
4657;319;2025-04-21
4658;311;2026-01-28
4659;220;2025-07-24
4660;291;2025-12-28
4661;192;2025-03-07
4662;231;2025-06-21
4663;456;2025-02-04
4664;491;2026-06-08
4665;130;2026-02-24
4666;151;2026-06-28
4667;181;2026-02-12
4668;16;2025-04-28
4669;93;2025-11-27
4670;220;2025-07-10
4671;184;2025-09-09
4672;38;2025-08-09
4673;337;2026-01-16
4674;191;2025-05-29
4675;400;2025-11-18
4676;63;2025-01-10
4677;164;2025-01-12
4678;368;2025-12-03
4679;110;2026-04-22
4680;291;2025-11-26
4681;461;2025-08-27
4682;288;2025-03-09
4683;198;2025-10-18
4684;309;2025-08-06
4685;270;2025-08-11
4686;53;2025-10-12
4687;367;2025-03-18
4688;294;2026-03-08
4689;350;2026-03-22
4690;163;2025-11-24
4691;102;2025-07-21
4692;26;2026-05-21
4693;256;2025-02-17
4694;141;2026-03-08
4695;62;2025-05-08
4696;232;2025-06-25
4697;308;2025-12-01
4698;303;2026-01-28
4699;122;2025-01-22
4700;146;2025-01-19
4701;330;2025-01-05
4702;467;2026-04-18
4703;146;2025-05-15
4704;431;2026-02-17
4705;19;2026-06-25
4706;21;2025-12-12
4707;331;2025-01-17
4708;36;2026-04-27
4709;49;2026-03-02
4710;371;2025-11-05
4711;141;2025-11-21
4712;386;2025-12-21
4713;205;2025-03-23
4714;285;2025-11-17
4715;253;2025-02-18
4716;202;2025-11-02
4717;357;2026-04-11
4718;253;2025-05-05
4719;432;2026-01-18
4720;481;2025-04-16
4721;15;2025-08-18
4722;25;2025-01-11
4723;72;2025-04-18
4724;166;2026-03-23
4725;116;2025-06-24
4726;46;2025-07-15
4727;371;2026-01-13
4728;418;2025-01-06
4729;479;2025-02-23
4730;133;2025-02-14
4731;57;2025-02-19
4732;485;2025-11-08
4733;39;2025-09-28
4734;169;2026-01-24
4735;139;2025-06-24
4736;474;2025-05-22
4737;299;2026-04-17
4738;62;2025-05-10
4739;164;2025-06-01
4740;386;2026-02-28
4741;327;2026-04-03
4742;343;2025-05-06
4743;268;2026-06-25
4744;124;2026-05-05
4745;339;2026-05-17
4746;500;2025-10-15
4747;165;2026-05-10
4748;116;2025-04-05
4749;136;2025-10-31
4750;365;2025-03-26
4751;181;2025-09-06
4752;338;2025-07-30
4753;356;2025-03-21
4754;39;2026-05-22
4755;31;2025-08-06
4756;7;2025-08-10
4757;240;2026-01-30
4758;97;2026-05-15
4759;54;2025-12-15
4760;107;2026-06-25
4761;264;2025-11-17
4762;390;2025-11-16
4763;363;2026-04-10
4764;336;2025-06-07
4765;435;2026-06-01
4766;55;2025-05-14
4767;113;2026-01-08
4768;198;2026-04-09
4769;445;2026-06-10
4770;104;2026-02-14
4771;97;2025-03-12
4772;143;2026-03-10
4773;85;2025-11-11
4774;488;2025-04-15
4775;76;2026-04-18
4776;449;2025-04-20
4777;382;2025-04-23
4778;124;2025-01-17
4779;458;2026-04-17
4780;96;2025-10-01
4781;15;2026-05-03
4782;339;2026-06-28
4783;232;2025-12-27
4784;136;2025-05-02
4785;475;2025-03-28
4786;182;2026-03-18
4787;109;2025-06-04
4788;204;2026-05-30
4789;221;2026-06-05
4790;171;2025-02-24
4791;226;2025-10-07
4792;190;2025-04-11
4793;26;2026-01-27
4794;375;2026-03-09
4795;100;2025-10-29
4796;97;2026-02-17
4797;91;2025-10-10
4798;272;2026-05-21
4799;266;2026-03-20
4800;56;2025-02-21
4801;331;2025-09-12
4802;491;2025-04-24
4803;113;2025-04-28
4804;28;2025-02-06
4805;295;2025-09-30
4806;123;2025-03-09
4807;273;2025-04-14
4808;142;2025-08-20
4809;452;2026-02-19
4810;201;2026-02-07
4811;52;2025-08-14
4812;376;2025-10-02
4813;254;2025-07-30
4814;88;2025-07-28
4815;178;2025-10-22
4816;362;2025-10-22
4817;376;2025-01-04
4818;49;2025-07-09
4819;258;2026-05-04
4820;379;2025-11-09
4821;437;2025-09-02
4822;88;2025-11-19
4823;349;2025-03-13
4824;86;2025-07-11
4825;171;2026-04-12
4826;73;2025-01-14
4827;342;2026-05-01
4828;220;2025-12-09
4829;11;2025-07-01
4830;499;2025-09-28
4831;452;2025-03-20
4832;88;2025-01-10
4833;305;2025-12-27
4834;497;2026-05-01
4835;299;2025-01-02
4836;251;2025-09-11
4837;242;2025-04-23
4838;24;2025-01-18
4839;291;2025-10-25
4840;428;2025-08-22
4841;269;2026-05-31
4842;86;2025-05-31
4843;397;2025-04-07
4844;52;2025-11-08
4845;412;2025-12-10
4846;232;2026-05-18
4847;377;2025-12-26
4848;280;2025-09-21
4849;340;2026-05-14
4850;130;2026-01-09
4851;235;2025-01-14
4852;424;2025-12-28
4853;155;2025-12-08
4854;457;2026-06-15
4855;397;2026-05-11
4856;58;2025-10-04
4857;352;2026-06-16
4858;373;2025-01-22
4859;76;2026-02-25
4860;439;2025-08-14
4861;338;2025-05-26
4862;183;2026-05-25
4863;16;2025-09-08
4864;296;2026-03-18
4865;185;2025-07-31
4866;382;2025-04-02
4867;100;2026-01-22
4868;328;2025-04-21
4869;495;2025-10-08
4870;450;2026-04-06
4871;491;2026-06-24
4872;90;2025-09-29
4873;467;2025-12-24
4874;455;2025-12-06
4875;201;2026-03-04
4876;484;2025-10-10
4877;159;2025-07-15
4878;22;2026-06-17
4879;360;2025-12-18
4880;428;2025-05-06
4881;222;2026-04-11
4882;291;2025-12-22
4883;148;2025-04-23
4884;497;2025-01-09
4885;256;2025-05-31
4886;239;2025-06-03
4887;268;2025-10-24
4888;320;2025-06-16
4889;156;2026-05-14
4890;148;2025-03-08
4891;410;2025-10-29
4892;8;2026-04-10
4893;21;2025-08-11
4894;145;2025-05-07
4895;28;2026-05-16
4896;157;2025-01-06
4897;221;2025-12-27
4898;339;2025-01-01
4899;26;2025-09-15
4900;71;2025-12-25
4901;450;2025-10-18
4902;403;2026-05-30
4903;341;2025-06-08
4904;489;2025-03-30
4905;366;2025-10-05
4906;74;2025-07-21
4907;222;2025-03-24
4908;149;2025-08-13
4909;17;2026-04-30
4910;478;2025-12-30
4911;128;2026-01-31
4912;217;2026-02-13
4913;496;2025-04-11
4914;458;2025-09-25
4915;472;2025-11-06
4916;306;2025-11-15
4917;89;2026-03-23
4918;348;2025-11-27
4919;412;2025-05-23
4920;350;2025-07-24
4921;129;2025-05-19
4922;214;2025-07-24
4923;155;2025-11-09
4924;44;2025-11-01
4925;291;2026-04-18
4926;280;2025-07-07
4927;193;2026-03-24
4928;50;2025-05-22
4929;270;2026-03-29
4930;356;2025-11-17
4931;258;2026-01-02
4932;240;2025-12-29
4933;219;2026-04-23
4934;216;2026-02-25
4935;237;2025-01-29
4936;468;2025-01-28
4937;491;2026-03-08
4938;46;2025-05-24
4939;315;2025-11-06
4940;403;2025-09-06
4941;298;2026-06-09
4942;192;2025-05-11
4943;318;2025-10-28
4944;28;2026-02-07
4945;65;2026-02-17
4946;344;2025-01-07
4947;237;2026-06-15
4948;236;2025-02-25
4949;44;2025-02-26
4950;139;2025-04-20
4951;171;2025-04-10
4952;421;2025-10-25
4953;290;2026-05-09
4954;354;2025-12-06
4955;443;2025-03-04
4956;63;2026-06-08
4957;379;2025-02-24
4958;360;2025-07-29
4959;265;2025-05-28
4960;288;2026-05-23
4961;70;2025-08-17
4962;459;2025-06-08
4963;155;2025-11-15
4964;369;2025-01-07
4965;413;2026-05-12
4966;320;2025-07-25
4967;59;2025-03-10
4968;1;2025-06-06
4969;310;2025-05-04
4970;267;2025-04-10
4971;127;2025-07-29
4972;54;2026-05-01
4973;13;2026-06-02
4974;228;2026-02-05
4975;29;2025-05-05
4976;154;2026-02-19
4977;248;2025-07-08
4978;420;2025-08-29
4979;431;2025-09-24
4980;421;2026-03-26
4981;440;2025-05-07
4982;222;2025-05-30
4983;326;2025-01-23
4984;95;2025-05-26
4985;420;2025-09-04
4986;88;2026-06-08
4987;380;2025-07-25
4988;244;2026-05-07
4989;149;2025-10-24
4990;342;2025-04-13
4991;492;2026-05-20
4992;189;2025-10-09
4993;201;2026-01-31
4994;358;2025-04-20
4995;238;2026-03-03
4996;417;2026-03-12
4997;76;2025-01-29
4998;146;2026-04-14
4999;62;2026-02-03
5000;6;2025-11-07
